month,customer_id,region,segment,monthly_revenue,churned,churn_probability,risk_band
2024-09-01,SYN-00302,Central,Consumer,6.59,1,0.9958,High
2024-10-01,SYN-00026,Central,Consumer,30.68,1,0.9843,High
2024-11-01,SYN-00263,Central,Consumer,16.59,1,0.9832,High
2024-09-01,SYN-00234,East,Consumer,32.7,1,0.9802,High
2024-09-01,SYN-00353,East,Small Business,13.68,1,0.9775,High
2024-11-01,SYN-00112,Central,Consumer,13.74,1,0.9767,High
2024-10-01,SYN-00012,West,Small Business,27.45,1,0.9762,High
2024-08-01,SYN-00367,West,Small Business,26.46,1,0.9762,High
2024-09-01,SYN-00268,Central,Consumer,21.96,1,0.9759,High
2024-08-01,SYN-00292,Central,Consumer,11.77,1,0.9754,High
2024-07-01,SYN-00008,West,Small Business,33.49,1,0.9743,High
2024-07-01,SYN-00363,Central,Small Business,13.05,1,0.9728,High
2024-10-01,SYN-00407,Central,Consumer,29.4,1,0.9695,High
2024-08-01,SYN-00195,Central,Small Business,18.97,1,0.9687,High
2024-08-01,SYN-00342,West,Small Business,22.5,1,0.9686,High
2024-07-01,SYN-00345,West,Consumer,10.23,1,0.967,High
2024-07-01,SYN-00155,Central,Small Business,23.04,1,0.9661,High
2024-10-01,SYN-00040,East,Small Business,32.06,1,0.9653,High
2024-08-01,SYN-00251,East,Consumer,23.12,1,0.9639,High
2024-07-01,SYN-00159,East,Consumer,27.42,1,0.9623,High
2024-09-01,SYN-00291,West,Consumer,6.34,1,0.9613,High
2024-10-01,SYN-00121,East,Small Business,13.6,1,0.9612,High
2024-12-01,SYN-00217,Central,Consumer,15.39,1,0.961,High
2024-09-01,SYN-00183,East,Consumer,11.16,1,0.9609,High
2024-10-01,SYN-00074,Central,Small Business,10.06,1,0.9607,High
2024-09-01,SYN-00209,Central,Consumer,8.23,1,0.9604,High
2024-09-01,SYN-00472,East,Consumer,25.48,1,0.9602,High
2024-09-01,SYN-00107,Central,Small Business,26.14,1,0.9598,High
2024-09-01,SYN-00130,East,Small Business,29.44,1,0.9589,High
2024-09-01,SYN-00155,Central,Small Business,19.58,1,0.9586,High
2024-08-01,SYN-00114,East,Commercial,24.9,1,0.957,High
2024-11-01,SYN-00467,East,Commercial,21.52,1,0.9567,High
2024-08-01,SYN-00475,Central,Consumer,26.82,1,0.9566,High
2024-09-01,SYN-00381,East,Consumer,20.89,1,0.9562,High
2024-11-01,SYN-00187,Central,Consumer,21.61,1,0.9554,High
2024-11-01,SYN-00158,East,Consumer,15.72,1,0.9543,High
2024-12-01,SYN-00279,West,Small Business,38.78,1,0.9543,High
2024-10-01,SYN-00487,East,Consumer,9.27,1,0.9533,High
2024-07-01,SYN-00325,West,Small Business,36.73,1,0.9522,High
2024-07-01,SYN-00084,Central,Consumer,17.44,1,0.9519,High
2024-12-01,SYN-00111,East,Consumer,7.31,1,0.9505,High
2024-08-01,SYN-00255,Central,Small Business,15.67,1,0.9503,High
2024-10-01,SYN-00360,East,Consumer,16.08,1,0.9491,High
2024-11-01,SYN-00435,Central,Small Business,17.33,1,0.9482,High
2024-11-01,SYN-00147,Central,Consumer,3.36,1,0.9467,High
2024-08-01,SYN-00175,Central,Consumer,27.6,1,0.9443,High
2024-07-01,SYN-00065,East,Consumer,14.75,1,0.9442,High
2024-07-01,SYN-00162,West,Small Business,32.29,1,0.9441,High
2024-08-01,SYN-00183,East,Consumer,25.03,1,0.9436,High
2024-09-01,SYN-00371,West,Small Business,13.58,1,0.9434,High
2024-08-01,SYN-00465,East,Commercial,30.81,1,0.9421,High
2024-07-01,SYN-00464,Central,Consumer,27.25,1,0.9409,High
2024-12-01,SYN-00255,Central,Small Business,23.73,1,0.9406,High
2024-08-01,SYN-00432,West,Consumer,31.62,1,0.9405,High
2024-07-01,SYN-00312,Central,Consumer,38.06,1,0.9402,High
2024-08-01,SYN-00087,East,Consumer,10.41,1,0.9386,High
2024-10-01,SYN-00099,Central,Commercial,18.69,1,0.9386,High
2024-12-01,SYN-00086,Central,Consumer,7.22,1,0.9375,High
2024-11-01,SYN-00250,Central,Small Business,15.68,1,0.9375,High
2024-08-01,SYN-00297,West,Consumer,18.42,1,0.9372,High
2024-08-01,SYN-00172,East,Consumer,17.68,1,0.9367,High
2024-10-01,SYN-00271,Central,Consumer,31.29,1,0.9362,High
2024-07-01,SYN-00074,Central,Small Business,23.02,1,0.9358,High
2024-11-01,SYN-00459,West,Consumer,6.88,1,0.9345,High
2024-09-01,SYN-00488,Central,Consumer,12.33,1,0.9345,High
2024-07-01,SYN-00265,West,Small Business,32.7,1,0.9333,High
2024-08-01,SYN-00382,West,Consumer,40.48,1,0.933,High
2024-09-01,SYN-00236,West,Small Business,20.61,1,0.9322,High
2024-08-01,SYN-00137,West,Consumer,14.62,1,0.9315,High
2024-12-01,SYN-00204,Central,Small Business,39.12,1,0.9309,High
2024-09-01,SYN-00290,Central,Consumer,15.09,1,0.9307,High
2024-09-01,SYN-00453,East,Consumer,14.54,1,0.9305,High
2024-10-01,SYN-00354,East,Small Business,11.53,1,0.9301,High
2024-12-01,SYN-00008,West,Small Business,22.79,1,0.93,High
2024-07-01,SYN-00290,Central,Consumer,27.22,1,0.9279,High
2024-10-01,SYN-00089,Central,Consumer,21.95,1,0.9275,High
2024-11-01,SYN-00221,Central,Consumer,26.71,1,0.9268,High
2024-09-01,SYN-00422,Central,Small Business,41.32,1,0.9265,High
2024-07-01,SYN-00145,East,Consumer,16.22,1,0.9263,High
2024-08-01,SYN-00440,East,Consumer,20.05,1,0.923,High
2024-09-01,SYN-00430,West,Small Business,25.96,1,0.9228,High
2024-08-01,SYN-00272,Central,Consumer,21.86,1,0.9226,High
2024-07-01,SYN-00274,East,Small Business,17.64,1,0.9225,High
2024-08-01,SYN-00397,West,Consumer,15.4,1,0.9223,High
2024-09-01,SYN-00494,Central,Consumer,15.94,1,0.9222,High
2024-12-01,SYN-00148,East,Consumer,16.66,1,0.922,High
2024-11-01,SYN-00207,Central,Small Business,41.74,1,0.9218,High
2024-09-01,SYN-00464,Central,Consumer,14.82,1,0.9214,High
2024-08-01,SYN-00124,Central,Consumer,32.61,1,0.921,High
2024-12-01,SYN-00023,West,Consumer,10.73,1,0.9206,High
2024-11-01,SYN-00208,East,Small Business,21.5,1,0.9195,High
2024-08-01,SYN-00284,Central,Consumer,4.85,1,0.9194,High
2024-11-01,SYN-00021,West,Small Business,35.76,1,0.9184,High
2024-07-01,SYN-00235,West,Consumer,17.17,1,0.9171,High
2024-08-01,SYN-00441,West,Consumer,30.69,1,0.9162,High
2024-07-01,SYN-00127,Central,Small Business,36.62,1,0.9157,High
2024-07-01,SYN-00455,Central,Commercial,29.57,1,0.9155,High
2024-09-01,SYN-00467,East,Commercial,39.45,1,0.9155,High
2024-08-01,SYN-00327,West,Consumer,23.15,1,0.9144,High
2024-10-01,SYN-00141,East,Small Business,28.6,1,0.9135,High
2024-12-01,SYN-00163,Central,Consumer,26.44,1,0.9131,High
2024-07-01,SYN-00115,Central,Consumer,38.56,0,0.9131,High
2024-08-01,SYN-00035,East,Consumer,11.35,1,0.9114,High
2024-07-01,SYN-00097,Central,Small Business,12.04,1,0.9114,High
2024-09-01,SYN-00342,West,Small Business,26.25,1,0.9111,High
2024-10-01,SYN-00390,West,Small Business,5.01,1,0.91,High
2024-07-01,SYN-00201,West,Consumer,40.89,1,0.9098,High
2024-09-01,SYN-00426,West,Consumer,15.85,1,0.9088,High
2024-08-01,SYN-00496,East,Consumer,10.05,1,0.9077,High
2024-10-01,SYN-00129,Central,Consumer,34.09,1,0.9074,High
2024-07-01,SYN-00164,Central,Consumer,20.49,1,0.907,High
2024-12-01,SYN-00489,East,Consumer,13.5,1,0.906,High
2024-07-01,SYN-00296,West,Consumer,27.48,1,0.9042,High
2024-08-01,SYN-00050,Central,Consumer,13.56,1,0.9036,High
2024-07-01,SYN-00130,East,Small Business,28.9,1,0.9036,High
2024-11-01,SYN-00340,West,Consumer,5.29,1,0.901,High
2024-10-01,SYN-00237,East,Consumer,12.55,1,0.9005,High
2024-10-01,SYN-00355,East,Consumer,38.1,1,0.8998,High
2024-09-01,SYN-00373,Central,Commercial,20.04,1,0.8997,High
2024-08-01,SYN-00024,West,Consumer,32.52,1,0.8996,High
2024-10-01,SYN-00305,West,Consumer,15.92,1,0.8993,High
2024-10-01,SYN-00289,East,Small Business,42.53,1,0.8984,High
2024-09-01,SYN-00053,West,Consumer,4.41,1,0.8983,High
2024-08-01,SYN-00086,Central,Consumer,6.49,1,0.8983,High
2024-11-01,SYN-00328,East,Consumer,39.2,1,0.8975,High
2024-12-01,SYN-00164,Central,Consumer,22.75,1,0.8975,High
2024-08-01,SYN-00018,Central,Small Business,35.62,1,0.8973,High
2024-07-01,SYN-00046,West,Consumer,12.79,1,0.897,High
2024-09-01,SYN-00030,East,Consumer,13.73,1,0.8965,High
2024-11-01,SYN-00427,Central,Consumer,4.7,1,0.8959,High
2024-11-01,SYN-00195,Central,Small Business,31.9,1,0.8951,High
2024-08-01,SYN-00265,West,Small Business,27.69,1,0.8951,High
2024-10-01,SYN-00154,East,Consumer,21.44,1,0.895,High
2024-11-01,SYN-00278,East,Consumer,29.93,1,0.8934,High
2024-12-01,SYN-00445,Central,Consumer,31.34,1,0.8933,High
2024-08-01,SYN-00339,Central,Consumer,10.14,1,0.8932,High
2024-07-01,SYN-00343,West,Consumer,14.73,1,0.8931,High
2024-12-01,SYN-00480,Central,Consumer,5.28,1,0.8931,High
2024-09-01,SYN-00047,Central,Consumer,42.61,1,0.891,High
2024-11-01,SYN-00011,Central,Consumer,19.88,0,0.8906,High
2024-07-01,SYN-00103,Central,Small Business,32.53,1,0.8897,High
2024-12-01,SYN-00179,West,Consumer,16.21,1,0.8895,High
2024-09-01,SYN-00007,West,Consumer,12.55,1,0.889,High
2024-08-01,SYN-00349,East,Consumer,18.15,1,0.8881,High
2024-11-01,SYN-00359,East,Consumer,36.98,1,0.8879,High
2024-09-01,SYN-00266,Central,Consumer,22.13,1,0.8874,High
2024-10-01,SYN-00472,East,Consumer,25.15,1,0.8864,High
2024-08-01,SYN-00340,West,Consumer,26.52,0,0.8861,High
2024-07-01,SYN-00248,Central,Consumer,13.07,1,0.8857,High
2024-07-01,SYN-00485,Central,Consumer,11.9,0,0.885,High
2024-11-01,SYN-00249,Central,Small Business,34.96,1,0.8848,High
2024-11-01,SYN-00131,Central,Commercial,38.06,1,0.8834,High
2024-09-01,SYN-00200,Central,Consumer,55.19,1,0.8832,High
2024-11-01,SYN-00470,East,Consumer,40.87,1,0.8822,High
2024-11-01,SYN-00469,Central,Consumer,12.19,1,0.8821,High
2024-07-01,SYN-00142,East,Small Business,37.08,1,0.8766,High
2024-10-01,SYN-00362,Central,Small Business,5.57,1,0.8761,High
2024-10-01,SYN-00052,Central,Consumer,29.11,1,0.8759,High
2024-09-01,SYN-00401,Central,Consumer,19.0,1,0.8753,High
2024-10-01,SYN-00365,East,Consumer,10.79,0,0.8744,High
2024-12-01,SYN-00028,Central,Commercial,30.64,1,0.8742,High
2024-07-01,SYN-00477,Central,Consumer,30.12,1,0.8731,High
2024-07-01,SYN-00098,Central,Consumer,37.13,1,0.8711,High
2024-09-01,SYN-00296,West,Consumer,32.24,1,0.8709,High
2024-07-01,SYN-00030,East,Consumer,13.95,1,0.8709,High
2024-08-01,SYN-00321,West,Consumer,44.63,1,0.8705,High
2024-12-01,SYN-00321,West,Consumer,38.26,1,0.8699,High
2024-07-01,SYN-00470,East,Consumer,43.71,1,0.8687,High
2024-11-01,SYN-00360,East,Consumer,5.12,1,0.8685,High
2024-11-01,SYN-00361,West,Small Business,7.22,1,0.8665,High
2024-07-01,SYN-00380,East,Consumer,9.62,1,0.8659,High
2024-07-01,SYN-00317,Central,Small Business,46.01,1,0.8657,High
2024-11-01,SYN-00152,West,Small Business,43.65,1,0.8656,High
2024-07-01,SYN-00291,West,Consumer,35.5,0,0.8643,High
2024-08-01,SYN-00021,West,Small Business,60.55,1,0.8642,High
2024-11-01,SYN-00388,West,Consumer,37.36,1,0.8638,High
2024-11-01,SYN-00366,Central,Small Business,47.46,1,0.8634,High
2024-08-01,SYN-00043,East,Small Business,45.7,1,0.8631,High
2024-08-01,SYN-00005,Central,Consumer,9.84,1,0.8623,High
2024-09-01,SYN-00493,East,Small Business,37.39,1,0.861,High
2024-10-01,SYN-00105,West,Commercial,25.97,1,0.8605,High
2024-10-01,SYN-00295,West,Consumer,47.72,1,0.8603,High
2024-08-01,SYN-00185,West,Consumer,35.6,1,0.8587,High
2024-10-01,SYN-00188,Central,Commercial,38.12,1,0.8581,High
2024-12-01,SYN-00027,East,Commercial,61.9,1,0.8552,High
2024-11-01,SYN-00247,East,Consumer,41.74,1,0.8542,High
2024-09-01,SYN-00471,Central,Consumer,13.16,1,0.854,High
2024-12-01,SYN-00388,West,Consumer,16.28,1,0.8529,High
2024-07-01,SYN-00144,East,Consumer,13.88,1,0.8527,High
2024-11-01,SYN-00372,Central,Consumer,1.34,1,0.851,High
2024-08-01,SYN-00057,East,Consumer,51.6,1,0.8501,High
2024-10-01,SYN-00081,East,Consumer,17.75,1,0.8498,High
2024-07-01,SYN-00480,Central,Consumer,6.29,1,0.846,High
2024-07-01,SYN-00088,East,Consumer,11.39,1,0.8452,High
2024-12-01,SYN-00049,East,Small Business,54.75,1,0.8445,High
2024-09-01,SYN-00398,Central,Consumer,26.75,1,0.8426,High
2024-11-01,SYN-00339,Central,Consumer,10.03,1,0.8422,High
2024-08-01,SYN-00299,West,Small Business,56.03,1,0.8419,High
2024-09-01,SYN-00019,West,Consumer,17.78,0,0.8412,High
2024-11-01,SYN-00102,East,Small Business,53.42,1,0.8406,High
2024-07-01,SYN-00214,West,Small Business,47.23,1,0.8403,High
2024-11-01,SYN-00307,Central,Small Business,13.59,1,0.8399,High
2024-07-01,SYN-00459,West,Consumer,33.45,0,0.8387,High
2024-11-01,SYN-00332,Central,Consumer,10.36,1,0.8359,High
2024-09-01,SYN-00403,West,Consumer,72.91,1,0.8357,High
2024-08-01,SYN-00256,West,Consumer,3.74,1,0.8355,High
2024-08-01,SYN-00490,East,Small Business,2.93,1,0.8355,High
2024-08-01,SYN-00145,East,Consumer,8.56,1,0.8353,High
2024-07-01,SYN-00190,Central,Consumer,9.43,1,0.83,High
2024-09-01,SYN-00348,Central,Small Business,49.0,1,0.8281,High
2024-10-01,SYN-00055,East,Consumer,43.78,1,0.8277,High
2024-08-01,SYN-00219,West,Consumer,12.87,1,0.8273,High
2024-07-01,SYN-00007,West,Consumer,25.98,1,0.8246,High
2024-10-01,SYN-00143,West,Consumer,7.67,1,0.8238,High
2024-11-01,SYN-00243,Central,Small Business,75.96,1,0.8238,High
2024-10-01,SYN-00380,East,Consumer,14.71,1,0.8237,High
2024-09-01,SYN-00499,Central,Commercial,58.8,1,0.8237,High
2024-10-01,SYN-00223,East,Consumer,15.29,1,0.8233,High
2024-12-01,SYN-00434,West,Small Business,71.34,1,0.8231,High
2024-10-01,SYN-00373,Central,Commercial,5.6,1,0.8228,High
2024-09-01,SYN-00372,Central,Consumer,13.63,0,0.8189,High
2024-10-01,SYN-00209,Central,Consumer,20.57,1,0.8174,High
2024-09-01,SYN-00463,West,Consumer,42.48,1,0.8168,High
2024-10-01,SYN-00248,Central,Consumer,9.82,1,0.8168,High
2024-08-01,SYN-00365,East,Consumer,12.01,0,0.8149,High
2024-11-01,SYN-00476,Central,Consumer,34.81,1,0.8141,High
2024-10-01,SYN-00165,East,Consumer,37.34,1,0.8097,High
2024-09-01,SYN-00008,West,Small Business,64.73,1,0.8093,High
2024-09-01,SYN-00062,East,Consumer,22.67,1,0.8092,High
2024-10-01,SYN-00062,East,Consumer,5.56,1,0.8076,High
2024-11-01,SYN-00295,West,Consumer,30.76,1,0.8075,High
2024-09-01,SYN-00017,East,Consumer,19.34,1,0.8063,High
2024-08-01,SYN-00248,Central,Consumer,13.93,1,0.8062,High
2024-12-01,SYN-00005,Central,Consumer,10.26,0,0.805,High
2024-09-01,SYN-00322,East,Consumer,13.94,1,0.8033,High
2024-07-01,SYN-00247,East,Consumer,57.69,1,0.8031,High
2024-07-01,SYN-00188,Central,Commercial,52.31,1,0.8022,High
2024-07-01,SYN-00337,Central,Small Business,28.89,1,0.7993,High
2024-11-01,SYN-00054,East,Small Business,52.97,1,0.7986,High
2024-11-01,SYN-00429,Central,Consumer,9.14,0,0.7969,High
2024-12-01,SYN-00259,Central,Consumer,31.5,1,0.796,High
2024-08-01,SYN-00218,Central,Consumer,5.64,1,0.7913,High
2024-11-01,SYN-00183,East,Consumer,26.91,1,0.7894,High
2024-07-01,SYN-00218,Central,Consumer,15.45,1,0.7879,High
2024-12-01,SYN-00429,Central,Consumer,6.63,0,0.7877,High
2024-12-01,SYN-00340,West,Consumer,21.13,1,0.7873,High
2024-07-01,SYN-00429,Central,Consumer,1.88,1,0.7871,High
2024-08-01,SYN-00023,West,Consumer,12.84,1,0.7856,High
2024-11-01,SYN-00191,West,Consumer,30.44,0,0.7839,High
2024-11-01,SYN-00139,West,Small Business,23.07,1,0.7826,High
2024-08-01,SYN-00277,Central,Consumer,24.53,1,0.7826,High
2024-07-01,SYN-00387,East,Consumer,33.71,1,0.7822,High
2024-07-01,SYN-00415,Central,Commercial,92.7,1,0.7794,High
2024-11-01,SYN-00170,West,Consumer,27.45,1,0.7788,High
2024-08-01,SYN-00039,Central,Consumer,16.94,1,0.7787,High
2024-07-01,SYN-00264,Central,Consumer,5.72,1,0.7776,High
2024-08-01,SYN-00243,Central,Small Business,58.23,1,0.7774,High
2024-11-01,SYN-00374,Central,Consumer,43.88,1,0.7774,High
2024-10-01,SYN-00078,East,Consumer,18.71,1,0.7748,High
2024-10-01,SYN-00014,West,Consumer,8.4,1,0.7738,High
2024-07-01,SYN-00346,West,Small Business,52.97,1,0.7738,High
2024-12-01,SYN-00484,Central,Consumer,83.92,1,0.7725,High
2024-09-01,SYN-00042,West,Consumer,19.0,0,0.7677,High
2024-10-01,SYN-00196,Central,Consumer,26.82,1,0.7673,High
2024-08-01,SYN-00414,West,Commercial,50.63,1,0.7668,High
2024-10-01,SYN-00419,Central,Consumer,35.5,1,0.7665,High
2024-08-01,SYN-00322,East,Consumer,28.96,0,0.7663,High
2024-10-01,SYN-00345,West,Consumer,34.47,1,0.7651,High
2024-10-01,SYN-00151,West,Consumer,26.57,0,0.7646,High
2024-08-01,SYN-00289,East,Small Business,86.01,1,0.7612,High
2024-07-01,SYN-00404,Central,Consumer,13.57,0,0.7597,High
2024-09-01,SYN-00284,Central,Consumer,6.99,1,0.7586,High
2024-07-01,SYN-00006,West,Small Business,62.5,1,0.7586,High
2024-11-01,SYN-00337,Central,Small Business,27.7,0,0.7578,High
2024-08-01,SYN-00179,West,Consumer,32.27,1,0.7562,High
2024-07-01,SYN-00444,Central,Consumer,6.02,1,0.7545,High
2024-12-01,SYN-00369,Central,Consumer,45.53,1,0.7539,High
2024-12-01,SYN-00260,East,Consumer,4.37,0,0.7532,High
2024-09-01,SYN-00011,Central,Consumer,18.91,1,0.7521,High
2024-08-01,SYN-00128,Central,Consumer,43.0,1,0.752,High
2024-11-01,SYN-00039,Central,Consumer,13.61,1,0.7502,High
2024-12-01,SYN-00465,East,Commercial,60.28,1,0.7465,High
2024-09-01,SYN-00039,Central,Consumer,7.11,1,0.7452,High
2024-11-01,SYN-00335,Central,Small Business,60.15,1,0.7447,High
2024-11-01,SYN-00069,Central,Consumer,10.07,0,0.7444,High
2024-09-01,SYN-00278,East,Consumer,33.15,1,0.7431,High
2024-10-01,SYN-00260,East,Consumer,8.94,0,0.741,High
2024-10-01,SYN-00034,Central,Consumer,9.39,1,0.7399,High
2024-07-01,SYN-00329,East,Small Business,49.71,1,0.7354,High
2024-12-01,SYN-00459,West,Consumer,22.3,1,0.735,High
2024-10-01,SYN-00181,West,Consumer,6.88,1,0.7348,High
2024-11-01,SYN-00373,Central,Commercial,10.33,1,0.734,High
2024-07-01,SYN-00378,Central,Consumer,2.99,1,0.7337,High
2024-10-01,SYN-00149,Central,Consumer,12.99,1,0.7319,High
2024-12-01,SYN-00230,Central,Consumer,39.75,1,0.7304,High
2024-10-01,SYN-00479,East,Consumer,15.71,0,0.7303,High
2024-09-01,SYN-00147,Central,Consumer,17.43,1,0.7271,High
2024-10-01,SYN-00411,East,Small Business,76.34,1,0.725,High
2024-11-01,SYN-00490,East,Small Business,12.86,0,0.724,High
2024-08-01,SYN-00007,West,Consumer,22.14,1,0.7229,High
2024-08-01,SYN-00139,West,Small Business,32.47,0,0.721,High
2024-11-01,SYN-00444,Central,Consumer,11.98,0,0.7206,High
2024-12-01,SYN-00039,Central,Consumer,9.0,1,0.7187,High
2024-12-01,SYN-00014,West,Consumer,11.43,1,0.7185,High
2024-10-01,SYN-00225,Central,Consumer,20.03,0,0.7171,High
2024-12-01,SYN-00004,East,Consumer,9.44,0,0.717,High
2024-11-01,SYN-00472,East,Consumer,22.96,1,0.7155,High
2024-07-01,SYN-00219,West,Consumer,24.54,0,0.7141,High
2024-10-01,SYN-00171,Central,Consumer,9.64,0,0.7138,High
2024-12-01,SYN-00019,West,Consumer,23.84,1,0.7126,High
2024-12-01,SYN-00190,Central,Consumer,31.95,0,0.7117,High
2024-12-01,SYN-00397,West,Consumer,43.06,1,0.7081,High
2024-12-01,SYN-00219,West,Consumer,35.85,0,0.7059,High
2024-10-01,SYN-00356,East,Consumer,1.47,1,0.7055,High
2024-07-01,SYN-00473,Central,Consumer,19.29,1,0.7052,High
2024-11-01,SYN-00160,West,Consumer,6.09,1,0.7038,High
2024-10-01,SYN-00326,East,Consumer,72.17,1,0.6985,High
2024-09-01,SYN-00323,Central,Consumer,35.72,1,0.6976,High
2024-12-01,SYN-00165,East,Consumer,19.7,1,0.6975,High
2024-11-01,SYN-00248,Central,Consumer,5.49,1,0.6947,High
2024-08-01,SYN-00445,Central,Consumer,56.81,1,0.6935,High
2024-10-01,SYN-00418,West,Consumer,29.16,0,0.693,High
2024-10-01,SYN-00315,Central,Consumer,9.35,0,0.6927,High
2024-08-01,SYN-00067,East,Small Business,73.73,1,0.69,High
2024-10-01,SYN-00431,West,Consumer,7.37,1,0.6886,High
2024-09-01,SYN-00078,East,Consumer,29.71,0,0.6883,High
2024-11-01,SYN-00322,East,Consumer,19.31,1,0.6855,High
2024-12-01,SYN-00084,Central,Consumer,30.77,0,0.6849,High
2024-09-01,SYN-00365,East,Consumer,5.2,1,0.6843,High
2024-07-01,SYN-00200,Central,Consumer,71.54,1,0.6835,High
2024-10-01,SYN-00079,East,Small Business,48.75,1,0.6805,High
2024-09-01,SYN-00429,Central,Consumer,10.37,1,0.6788,High
2024-12-01,SYN-00398,Central,Consumer,26.76,1,0.6776,High
2024-09-01,SYN-00261,Central,Small Business,44.67,1,0.6762,High
2024-12-01,SYN-00007,West,Consumer,19.47,1,0.6744,High
2024-07-01,SYN-00260,East,Consumer,9.22,1,0.6735,High
2024-10-01,SYN-00007,West,Consumer,6.0,1,0.6698,High
2024-07-01,SYN-00233,West,Consumer,79.2,1,0.6679,High
2024-12-01,SYN-00202,West,Consumer,14.76,1,0.6676,High
2024-09-01,SYN-00321,West,Consumer,37.79,1,0.6653,High
2024-07-01,SYN-00389,Central,Consumer,77.42,1,0.6641,High
2024-07-01,SYN-00166,Central,Small Business,91.05,1,0.6606,High
2024-12-01,SYN-00487,East,Consumer,20.89,0,0.6587,High
2024-07-01,SYN-00195,Central,Small Business,60.43,1,0.6576,High
2024-10-01,SYN-00496,East,Consumer,28.09,1,0.656,High
2024-11-01,SYN-00138,East,Small Business,83.82,1,0.6537,High
2024-08-01,SYN-00090,East,Consumer,57.9,1,0.644,High
2024-11-01,SYN-00308,East,Consumer,9.4,0,0.6416,High
2024-09-01,SYN-00004,East,Consumer,11.55,1,0.6413,High
2024-09-01,SYN-00061,East,Consumer,29.22,1,0.638,High
2024-10-01,SYN-00429,Central,Consumer,16.26,0,0.6369,High
2024-10-01,SYN-00488,Central,Consumer,21.3,1,0.6344,High
2024-07-01,SYN-00073,West,Consumer,16.2,1,0.6329,High
2024-10-01,SYN-00033,Central,Consumer,32.41,0,0.6315,High
2024-09-01,SYN-00293,West,Consumer,2.52,1,0.6294,High
2024-07-01,SYN-00078,East,Consumer,43.73,0,0.6289,High
2024-08-01,SYN-00427,Central,Consumer,22.0,1,0.6276,High
2024-09-01,SYN-00480,Central,Consumer,22.31,1,0.6231,High
2024-10-01,SYN-00240,Central,Consumer,27.27,1,0.6203,High
2024-11-01,SYN-00309,Central,Consumer,43.58,1,0.6114,High
2024-12-01,SYN-00485,Central,Consumer,18.75,0,0.609,High
2024-07-01,SYN-00069,Central,Consumer,18.43,0,0.6088,High
2024-12-01,SYN-00168,West,Commercial,30.46,0,0.6068,High
2024-12-01,SYN-00150,Central,Consumer,60.1,1,0.6062,High
2024-09-01,SYN-00092,East,Consumer,4.79,0,0.6046,High
2024-07-01,SYN-00023,West,Consumer,36.53,1,0.6033,High
2024-07-01,SYN-00004,East,Consumer,5.0,1,0.5982,High
2024-10-01,SYN-00413,Central,Small Business,26.74,0,0.5957,High
2024-09-01,SYN-00050,Central,Consumer,19.46,1,0.595,High
2024-09-01,SYN-00196,Central,Consumer,49.41,1,0.5943,High
2024-12-01,SYN-00334,West,Consumer,30.53,0,0.586,High
2024-08-01,SYN-00498,East,Consumer,10.3,0,0.5843,High
2024-08-01,SYN-00069,Central,Consumer,14.88,1,0.5841,High
2024-08-01,SYN-00192,Central,Small Business,78.04,1,0.5834,High
2024-07-01,SYN-00493,East,Small Business,50.82,1,0.5819,High
2024-09-01,SYN-00069,Central,Consumer,17.23,0,0.5817,High
2024-08-01,SYN-00352,Central,Consumer,32.77,1,0.5814,High
2024-10-01,SYN-00178,West,Consumer,74.06,1,0.5795,High
2024-07-01,SYN-00026,Central,Consumer,63.2,1,0.5791,High
2024-10-01,SYN-00306,East,Consumer,16.87,0,0.5774,High
2024-08-01,SYN-00229,East,Consumer,19.73,0,0.5773,High
2024-08-01,SYN-00052,Central,Consumer,45.22,0,0.5767,High
2024-11-01,SYN-00126,East,Consumer,33.88,1,0.5746,High
2024-09-01,SYN-00444,Central,Consumer,13.48,0,0.5738,High
2024-10-01,SYN-00233,West,Consumer,88.71,1,0.5718,High
2024-10-01,SYN-00395,Central,Small Business,66.14,0,0.5717,High
2024-11-01,SYN-00036,Central,Consumer,22.33,1,0.5693,High
2024-08-01,SYN-00407,Central,Consumer,57.03,1,0.5688,High
2024-08-01,SYN-00171,Central,Consumer,20.94,0,0.5685,High
2024-10-01,SYN-00254,Central,Consumer,26.41,0,0.5684,High
2024-11-01,SYN-00053,West,Consumer,19.83,0,0.5676,High
2024-09-01,SYN-00145,East,Consumer,12.25,1,0.5665,High
2024-09-01,SYN-00028,Central,Commercial,64.28,1,0.5658,High
2024-08-01,SYN-00254,Central,Consumer,21.34,0,0.5657,High
2024-10-01,SYN-00404,Central,Consumer,19.11,0,0.5651,High
2024-07-01,SYN-00361,West,Small Business,41.25,0,0.5618,High
2024-12-01,SYN-00413,Central,Small Business,23.26,1,0.5601,High
2024-12-01,SYN-00144,East,Consumer,21.66,1,0.5579,High
2024-09-01,SYN-00462,Central,Consumer,22.91,0,0.5555,High
2024-11-01,SYN-00186,East,Consumer,15.72,1,0.5516,High
2024-08-01,SYN-00485,Central,Consumer,17.61,0,0.5483,High
2024-08-01,SYN-00031,West,Small Business,72.06,1,0.5475,High
2024-09-01,SYN-00084,Central,Consumer,21.69,1,0.5467,High
2024-08-01,SYN-00413,Central,Small Business,28.32,0,0.5459,High
2024-10-01,SYN-00422,Central,Small Business,73.09,1,0.5443,High
2024-11-01,SYN-00212,East,Consumer,21.97,1,0.5405,High
2024-11-01,SYN-00460,East,Consumer,46.3,0,0.5403,High
2024-12-01,SYN-00265,West,Small Business,49.35,1,0.5364,High
2024-09-01,SYN-00274,East,Small Business,34.37,0,0.5327,High
2024-10-01,SYN-00092,East,Consumer,13.01,0,0.5309,High
2024-09-01,SYN-00306,East,Consumer,18.39,0,0.5307,High
2024-10-01,SYN-00088,East,Consumer,19.73,0,0.5297,High
2024-10-01,SYN-00080,West,Consumer,17.56,0,0.5272,High
2024-09-01,SYN-00137,West,Consumer,24.14,1,0.5234,High
2024-11-01,SYN-00286,Central,Consumer,22.32,1,0.5209,High
2024-10-01,SYN-00179,West,Consumer,29.3,0,0.5089,High
2024-11-01,SYN-00077,Central,Small Business,56.01,1,0.5082,High
2024-07-01,SYN-00492,East,Small Business,113.26,1,0.5043,High
2024-10-01,SYN-00043,East,Small Business,84.32,1,0.5018,High
2024-08-01,SYN-00400,Central,Consumer,34.78,1,0.4981,Medium
2024-10-01,SYN-00096,East,Consumer,32.42,1,0.4947,Medium
2024-11-01,SYN-00203,East,Consumer,98.16,1,0.4928,Medium
2024-12-01,SYN-00320,West,Consumer,22.75,1,0.4884,Medium
2024-08-01,SYN-00080,West,Consumer,16.06,0,0.4881,Medium
2024-11-01,SYN-00134,Central,Consumer,29.29,0,0.4873,Medium
2024-11-01,SYN-00083,West,Consumer,19.18,1,0.4829,Medium
2024-09-01,SYN-00378,Central,Consumer,19.13,0,0.4813,Medium
2024-11-01,SYN-00110,West,Consumer,19.84,0,0.4785,Medium
2024-09-01,SYN-00441,West,Consumer,38.93,1,0.4783,Medium
2024-10-01,SYN-00324,East,Consumer,22.62,0,0.4771,Medium
2024-09-01,SYN-00157,Central,Small Business,39.08,0,0.4746,Medium
2024-10-01,SYN-00262,West,Consumer,42.85,0,0.4681,Medium
2024-11-01,SYN-00324,East,Consumer,16.88,0,0.4674,Medium
2024-08-01,SYN-00009,Central,Consumer,55.06,0,0.4643,Medium
2024-11-01,SYN-00343,West,Consumer,32.81,0,0.4628,Medium
2024-08-01,SYN-00390,West,Small Business,42.11,0,0.4624,Medium
2024-11-01,SYN-00401,Central,Consumer,24.56,0,0.462,Medium
2024-08-01,SYN-00373,Central,Commercial,50.21,0,0.4609,Medium
2024-09-01,SYN-00095,Central,Consumer,10.82,0,0.4596,Medium
2024-08-01,SYN-00238,West,Consumer,65.11,0,0.4595,Medium
2024-12-01,SYN-00073,West,Consumer,30.03,1,0.4584,Medium
2024-11-01,SYN-00233,West,Consumer,78.85,1,0.4542,Medium
2024-11-01,SYN-00165,East,Consumer,39.85,1,0.4541,Medium
2024-08-01,SYN-00028,Central,Commercial,89.48,0,0.451,Medium
2024-09-01,SYN-00149,Central,Consumer,20.08,0,0.4483,Medium
2024-10-01,SYN-00264,Central,Consumer,20.53,0,0.4472,Medium
2024-09-01,SYN-00192,Central,Small Business,74.45,1,0.447,Medium
2024-11-01,SYN-00184,Central,Consumer,38.7,0,0.4467,Medium
2024-11-01,SYN-00042,West,Consumer,46.08,0,0.444,Medium
2024-08-01,SYN-00209,Central,Consumer,40.8,1,0.4438,Medium
2024-07-01,SYN-00105,West,Commercial,72.66,1,0.4425,Medium
2024-09-01,SYN-00089,Central,Consumer,77.7,0,0.4417,Medium
2024-11-01,SYN-00181,West,Consumer,16.03,0,0.4405,Medium
2024-12-01,SYN-00092,East,Consumer,18.33,0,0.4405,Medium
2024-12-01,SYN-00254,Central,Consumer,33.23,0,0.4388,Medium
2024-10-01,SYN-00168,West,Commercial,37.75,0,0.4371,Medium
2024-08-01,SYN-00088,East,Consumer,15.3,1,0.4342,Medium
2024-10-01,SYN-00227,Central,Consumer,29.28,1,0.4329,Medium
2024-08-01,SYN-00212,East,Consumer,27.37,1,0.4325,Medium
2024-10-01,SYN-00406,West,Consumer,39.06,0,0.4321,Medium
2024-10-01,SYN-00414,West,Commercial,154.0,1,0.4307,Medium
2024-10-01,SYN-00272,Central,Consumer,32.28,0,0.4306,Medium
2024-12-01,SYN-00365,East,Consumer,8.94,0,0.4294,Medium
2024-12-01,SYN-00490,East,Small Business,21.86,0,0.4278,Medium
2024-07-01,SYN-00483,East,Small Business,82.47,0,0.4272,Medium
2024-11-01,SYN-00365,East,Consumer,14.3,0,0.4261,Medium
2024-11-01,SYN-00441,West,Consumer,26.08,1,0.4258,Medium
2024-07-01,SYN-00059,Central,Consumer,46.5,0,0.4246,Medium
2024-12-01,SYN-00141,East,Small Business,117.22,1,0.4221,Medium
2024-07-01,SYN-00256,West,Consumer,29.75,0,0.4201,Medium
2024-12-01,SYN-00264,Central,Consumer,25.25,0,0.4159,Medium
2024-07-01,SYN-00138,East,Small Business,61.79,1,0.4155,Medium
2024-08-01,SYN-00157,Central,Small Business,43.61,0,0.4103,Medium
2024-08-01,SYN-00444,Central,Consumer,24.28,1,0.4091,Medium
2024-08-01,SYN-00247,East,Consumer,54.2,1,0.4074,Medium
2024-07-01,SYN-00027,East,Commercial,124.57,1,0.4044,Medium
2024-07-01,SYN-00333,East,Consumer,19.62,1,0.4041,Medium
2024-08-01,SYN-00308,East,Consumer,14.4,0,0.4041,Medium
2024-11-01,SYN-00224,West,Commercial,42.08,0,0.4012,Medium
2024-07-01,SYN-00313,Central,Commercial,117.46,1,0.3999,Medium
2024-07-01,SYN-00172,East,Consumer,45.78,0,0.3999,Medium
2024-11-01,SYN-00418,West,Consumer,28.48,0,0.3989,Medium
2024-07-01,SYN-00307,Central,Small Business,36.32,1,0.398,Medium
2024-11-01,SYN-00080,West,Consumer,25.91,0,0.3975,Medium
2024-08-01,SYN-00186,East,Consumer,27.88,0,0.3972,Medium
2024-08-01,SYN-00281,Central,Consumer,40.72,0,0.395,Medium
2024-11-01,SYN-00135,East,Consumer,68.99,1,0.3945,Medium
2024-07-01,SYN-00151,West,Consumer,30.66,1,0.3923,Medium
2024-10-01,SYN-00139,West,Small Business,34.07,0,0.3897,Medium
2024-07-01,SYN-00173,Central,Commercial,164.42,1,0.3893,Medium
2024-10-01,SYN-00454,Central,Consumer,45.92,1,0.389,Medium
2024-10-01,SYN-00410,West,Consumer,70.24,1,0.3888,Medium
2024-09-01,SYN-00470,East,Consumer,65.32,1,0.3885,Medium
2024-09-01,SYN-00452,West,Consumer,30.33,0,0.3851,Medium
2024-09-01,SYN-00014,West,Consumer,35.51,0,0.3822,Medium
2024-10-01,SYN-00124,Central,Consumer,51.45,1,0.38,Medium
2024-07-01,SYN-00001,West,Small Business,29.85,0,0.3789,Medium
2024-12-01,SYN-00015,Central,Consumer,69.92,1,0.3785,Medium
2024-07-01,SYN-00339,Central,Consumer,35.99,0,0.3772,Medium
2024-07-01,SYN-00453,East,Consumer,43.61,1,0.3763,Medium
2024-07-01,SYN-00080,West,Consumer,26.03,0,0.374,Medium
2024-08-01,SYN-00149,Central,Consumer,24.52,0,0.3727,Medium
2024-07-01,SYN-00179,West,Consumer,44.35,0,0.3684,Medium
2024-10-01,SYN-00210,East,Consumer,83.82,1,0.3665,Medium
2024-07-01,SYN-00417,Central,Consumer,22.05,0,0.3655,Medium
2024-11-01,SYN-00218,Central,Consumer,32.53,0,0.3645,Medium
2024-10-01,SYN-00417,Central,Consumer,23.94,0,0.3628,Medium
2024-11-01,SYN-00168,West,Commercial,37.11,0,0.3606,Medium
2024-10-01,SYN-00186,East,Consumer,23.78,1,0.3606,Medium
2024-07-01,SYN-00107,Central,Small Business,82.16,0,0.3599,Medium
2024-11-01,SYN-00333,East,Consumer,30.93,0,0.3595,Medium
2024-07-01,SYN-00293,West,Consumer,22.69,0,0.3586,Medium
2024-09-01,SYN-00036,Central,Consumer,22.68,0,0.356,Medium
2024-11-01,SYN-00413,Central,Small Business,28.63,0,0.3551,Medium
2024-12-01,SYN-00069,Central,Consumer,23.4,0,0.3549,Medium
2024-10-01,SYN-00372,Central,Consumer,19.34,0,0.3525,Medium
2024-11-01,SYN-00238,West,Consumer,51.85,1,0.3514,Medium
2024-10-01,SYN-00281,Central,Consumer,35.24,0,0.3474,Medium
2024-07-01,SYN-00490,East,Small Business,37.17,0,0.347,Medium
2024-10-01,SYN-00497,Central,Consumer,41.98,0,0.3468,Medium
2024-12-01,SYN-00308,East,Consumer,20.05,0,0.3459,Medium
2024-11-01,SYN-00027,East,Commercial,171.24,1,0.3455,Medium
2024-10-01,SYN-00068,Central,Consumer,24.55,0,0.3455,Medium
2024-12-01,SYN-00372,Central,Consumer,15.93,0,0.3454,Medium
2024-12-01,SYN-00479,East,Consumer,26.7,0,0.3425,Medium
2024-11-01,SYN-00496,East,Consumer,21.79,1,0.3397,Medium
2024-10-01,SYN-00102,East,Small Business,144.06,1,0.3359,Medium
2024-10-01,SYN-00053,West,Consumer,28.68,0,0.3351,Medium
2024-09-01,SYN-00012,West,Small Business,101.77,0,0.3347,Medium
2024-09-01,SYN-00362,Central,Small Business,35.69,1,0.3327,Medium
2024-10-01,SYN-00353,East,Small Business,44.13,0,0.3313,Medium
2024-08-01,SYN-00377,West,Consumer,26.6,1,0.331,Medium
2024-11-01,SYN-00088,East,Consumer,25.37,0,0.3271,Medium
2024-11-01,SYN-00086,Central,Consumer,31.01,0,0.3269,Medium
2024-08-01,SYN-00379,Central,Consumer,50.29,0,0.3267,Medium
2024-08-01,SYN-00459,West,Consumer,44.13,0,0.3256,Medium
2024-11-01,SYN-00068,Central,Consumer,22.34,0,0.3235,Medium
2024-11-01,SYN-00301,West,Small Business,43.07,0,0.3225,Medium
2024-12-01,SYN-00237,East,Consumer,33.4,0,0.3221,Medium
2024-08-01,SYN-00372,Central,Consumer,32.56,0,0.3203,Medium
2024-12-01,SYN-00293,West,Consumer,21.98,0,0.3202,Medium
2024-10-01,SYN-00293,West,Consumer,20.34,0,0.3187,Medium
2024-09-01,SYN-00469,Central,Consumer,36.89,0,0.3172,Medium
2024-09-01,SYN-00436,Central,Consumer,35.68,1,0.3141,Medium
2024-10-01,SYN-00218,Central,Consumer,33.88,0,0.3131,Medium
2024-08-01,SYN-00160,West,Consumer,31.59,0,0.3119,Medium
2024-10-01,SYN-00308,East,Consumer,18.01,0,0.3103,Medium
2024-11-01,SYN-00005,Central,Consumer,27.67,0,0.3102,Medium
2024-09-01,SYN-00334,West,Consumer,34.51,1,0.3099,Medium
2024-11-01,SYN-00153,Central,Consumer,41.01,0,0.3095,Medium
2024-10-01,SYN-00498,East,Consumer,15.03,0,0.3092,Medium
2024-09-01,SYN-00143,West,Consumer,37.84,0,0.309,Medium
2024-11-01,SYN-00202,West,Consumer,40.86,0,0.3074,Medium
2024-08-01,SYN-00199,Central,Consumer,37.88,0,0.3069,Medium
2024-10-01,SYN-00480,Central,Consumer,26.86,0,0.3066,Medium
2024-08-01,SYN-00356,East,Consumer,23.92,0,0.3051,Medium
2024-09-01,SYN-00022,Central,Consumer,32.63,0,0.3041,Medium
2024-09-01,SYN-00324,East,Consumer,29.98,0,0.3009,Medium
2024-08-01,SYN-00148,East,Consumer,93.26,0,0.3006,Medium
2024-10-01,SYN-00349,East,Consumer,26.45,0,0.2985,Medium
2024-07-01,SYN-00308,East,Consumer,18.49,0,0.2966,Medium
2024-09-01,SYN-00199,Central,Consumer,31.53,0,0.2955,Medium
2024-12-01,SYN-00066,East,Consumer,40.29,0,0.2955,Medium
2024-07-01,SYN-00114,East,Commercial,77.81,0,0.2919,Medium
2024-07-01,SYN-00147,Central,Consumer,26.92,1,0.2906,Medium
2024-12-01,SYN-00078,East,Consumer,34.62,0,0.2871,Medium
2024-08-01,SYN-00453,East,Consumer,44.43,0,0.2864,Medium
2024-07-01,SYN-00300,East,Small Business,42.69,0,0.286,Medium
2024-07-01,SYN-00391,East,Consumer,47.69,0,0.2859,Medium
2024-08-01,SYN-00323,Central,Consumer,61.25,0,0.2856,Medium
2024-07-01,SYN-00160,West,Consumer,27.48,0,0.2851,Medium
2024-08-01,SYN-00378,Central,Consumer,21.3,0,0.2846,Medium
2024-10-01,SYN-00361,West,Small Business,38.93,0,0.2844,Medium
2024-10-01,SYN-00111,East,Consumer,51.78,0,0.2844,Medium
2024-12-01,SYN-00431,West,Consumer,24.77,1,0.2841,Medium
2024-09-01,SYN-00207,Central,Small Business,84.66,0,0.2836,Medium
2024-10-01,SYN-00069,Central,Consumer,31.3,0,0.2834,Medium
2024-08-01,SYN-00078,East,Consumer,38.13,0,0.2831,Medium
2024-10-01,SYN-00005,Central,Consumer,30.15,0,0.2823,Medium
2024-12-01,SYN-00403,West,Consumer,146.61,1,0.282,Medium
2024-12-01,SYN-00341,Central,Consumer,29.38,1,0.2817,Medium
2024-07-01,SYN-00258,Central,Commercial,153.08,1,0.2815,Medium
2024-09-01,SYN-00005,Central,Consumer,18.74,0,0.2804,Medium
2024-10-01,SYN-00058,East,Consumer,111.8,0,0.2799,Medium
2024-08-01,SYN-00351,East,Consumer,44.88,0,0.2796,Medium
2024-08-01,SYN-00252,West,Consumer,49.5,0,0.2776,Medium
2024-10-01,SYN-00443,West,Consumer,83.9,0,0.2771,Medium
2024-12-01,SYN-00395,Central,Small Business,78.51,0,0.2766,Medium
2024-07-01,SYN-00002,Central,Small Business,61.7,0,0.2765,Medium
2024-09-01,SYN-00018,Central,Small Business,54.86,0,0.2741,Medium
2024-11-01,SYN-00254,Central,Consumer,26.12,0,0.2725,Medium
2024-09-01,SYN-00237,East,Consumer,41.0,0,0.2711,Medium
2024-09-01,SYN-00090,East,Consumer,63.8,1,0.2704,Medium
2024-07-01,SYN-00185,West,Consumer,75.72,0,0.2694,Medium
2024-07-01,SYN-00469,Central,Consumer,34.75,0,0.2691,Medium
2024-09-01,SYN-00230,Central,Consumer,94.45,0,0.2659,Medium
2024-11-01,SYN-00319,Central,Consumer,77.07,0,0.2653,Medium
2024-12-01,SYN-00417,Central,Consumer,31.92,0,0.2651,Medium
2024-11-01,SYN-00179,West,Consumer,35.38,0,0.2648,Medium
2024-07-01,SYN-00005,Central,Consumer,23.12,0,0.2634,Medium
2024-08-01,SYN-00036,Central,Consumer,31.32,0,0.2626,Medium
2024-12-01,SYN-00218,Central,Consumer,30.86,0,0.2626,Medium
2024-08-01,SYN-00293,West,Consumer,22.52,0,0.2609,Medium
2024-08-01,SYN-00337,Central,Small Business,42.14,0,0.2605,Medium
2024-10-01,SYN-00296,West,Consumer,31.81,1,0.2592,Medium
2024-08-01,SYN-00126,East,Consumer,47.7,0,0.258,Medium
2024-08-01,SYN-00419,Central,Consumer,70.73,0,0.2576,Medium
2024-09-01,SYN-00379,Central,Consumer,46.14,1,0.2572,Medium
2024-09-01,SYN-00388,West,Consumer,91.3,0,0.2567,Medium
2024-07-01,SYN-00336,East,Consumer,62.43,0,0.2564,Medium
2024-07-01,SYN-00068,Central,Consumer,28.82,0,0.2562,Medium
2024-07-01,SYN-00143,West,Consumer,41.63,0,0.2558,Medium
2024-09-01,SYN-00490,East,Small Business,27.31,0,0.2557,Medium
2024-09-01,SYN-00153,Central,Consumer,36.16,0,0.2552,Medium
2024-10-01,SYN-00199,Central,Consumer,26.11,0,0.255,Medium
2024-07-01,SYN-00365,East,Consumer,28.75,0,0.2545,Medium
2024-07-01,SYN-00311,East,Consumer,48.4,0,0.2539,Medium
2024-10-01,SYN-00337,Central,Small Business,39.48,0,0.2523,Medium
2024-09-01,SYN-00125,Central,Commercial,782.64,0,0.2515,Medium
2024-11-01,SYN-00386,West,Consumer,33.77,0,0.2501,Medium
2024-11-01,SYN-00020,East,Small Business,96.79,0,0.2501,Medium
2024-09-01,SYN-00195,Central,Small Business,54.45,1,0.2498,Medium
2024-11-01,SYN-00478,East,Consumer,23.78,0,0.2495,Medium
2024-10-01,SYN-00207,Central,Small Business,74.74,0,0.2484,Medium
2024-12-01,SYN-00356,East,Consumer,25.01,0,0.2474,Medium
2024-07-01,SYN-00341,Central,Consumer,44.98,0,0.2457,Medium
2024-09-01,SYN-00081,East,Consumer,57.53,0,0.245,Medium
2024-08-01,SYN-00101,West,Consumer,74.64,0,0.2446,Medium
2024-08-01,SYN-00034,Central,Consumer,27.32,0,0.2416,Medium
2024-09-01,SYN-00414,West,Commercial,350.04,0,0.2413,Medium
2024-08-01,SYN-00257,West,Consumer,54.6,0,0.2406,Medium
2024-11-01,SYN-00142,East,Small Business,90.84,0,0.2403,Medium
2024-08-01,SYN-00398,Central,Consumer,56.8,0,0.2385,Medium
2024-11-01,SYN-00452,West,Consumer,37.94,0,0.2377,Medium
2024-11-01,SYN-00281,Central,Consumer,45.78,0,0.2368,Medium
2024-10-01,SYN-00155,Central,Small Business,53.45,1,0.2355,Medium
2024-11-01,SYN-00267,Central,Consumer,52.02,0,0.2348,Medium
2024-07-01,SYN-00110,West,Consumer,26.26,0,0.2332,Medium
2024-10-01,SYN-00490,East,Small Business,33.35,0,0.2319,Medium
2024-09-01,SYN-00295,West,Consumer,143.42,0,0.2311,Medium
2024-09-01,SYN-00498,East,Consumer,21.99,0,0.2302,Medium
2024-07-01,SYN-00071,Central,Consumer,54.17,0,0.2296,Medium
2024-09-01,SYN-00437,Central,Commercial,111.45,0,0.2295,Medium
2024-08-01,SYN-00151,West,Consumer,42.14,0,0.2293,Medium
2024-10-01,SYN-00366,Central,Small Business,112.81,0,0.2291,Medium
2024-12-01,SYN-00011,Central,Consumer,31.95,0,0.2288,Medium
2024-12-01,SYN-00229,East,Consumer,28.29,0,0.2275,Medium
2024-10-01,SYN-00392,Central,Commercial,204.53,1,0.2274,Medium
2024-11-01,SYN-00284,Central,Consumer,31.89,0,0.227,Medium
2024-11-01,SYN-00293,West,Consumer,24.65,0,0.2259,Medium
2024-10-01,SYN-00499,Central,Commercial,250.81,0,0.2258,Medium
2024-09-01,SYN-00468,West,Consumer,36.88,0,0.2246,Medium
2024-07-01,SYN-00418,West,Consumer,39.82,0,0.2236,Medium
2024-07-01,SYN-00452,West,Consumer,36.31,0,0.2226,Medium
2024-09-01,SYN-00427,Central,Consumer,38.82,0,0.2224,Medium
2024-11-01,SYN-00287,Central,Small Business,88.45,0,0.2207,Medium
2024-10-01,SYN-00125,Central,Commercial,210.7,1,0.22,Medium
2024-11-01,SYN-00341,Central,Consumer,30.35,0,0.2194,Medium
2024-09-01,SYN-00142,East,Small Business,120.3,0,0.2194,Medium
2024-09-01,SYN-00307,Central,Small Business,39.52,0,0.2183,Medium
2024-08-01,SYN-00053,West,Consumer,31.67,0,0.2183,Medium
2024-11-01,SYN-00182,West,Consumer,124.44,0,0.2178,Medium
2024-07-01,SYN-00168,West,Commercial,49.88,0,0.2162,Medium
2024-09-01,SYN-00417,Central,Consumer,35.91,0,0.2159,Medium
2024-11-01,SYN-00355,East,Consumer,48.69,1,0.2158,Medium
2024-09-01,SYN-00431,West,Consumer,28.46,0,0.2154,Medium
2024-10-01,SYN-00393,East,Consumer,50.25,0,0.215,Medium
2024-09-01,SYN-00001,West,Small Business,39.82,0,0.2147,Medium
2024-07-01,SYN-00411,East,Small Business,114.97,0,0.2139,Medium
2024-11-01,SYN-00485,Central,Consumer,28.59,0,0.2136,Medium
2024-09-01,SYN-00086,Central,Consumer,30.52,0,0.2136,Medium
2024-08-01,SYN-00260,East,Consumer,21.81,0,0.213,Medium
2024-08-01,SYN-00273,Central,Consumer,88.42,0,0.2129,Medium
2024-11-01,SYN-00176,Central,Consumer,42.1,0,0.2126,Medium
2024-08-01,SYN-00092,East,Consumer,32.99,0,0.2119,Medium
2024-11-01,SYN-00310,Central,Commercial,148.99,0,0.2114,Medium
2024-08-01,SYN-00134,Central,Consumer,27.08,0,0.2112,Medium
2024-08-01,SYN-00455,Central,Commercial,224.5,0,0.2111,Medium
2024-08-01,SYN-00165,East,Consumer,53.97,0,0.2106,Medium
2024-10-01,SYN-00339,Central,Consumer,41.0,0,0.2105,Medium
2024-11-01,SYN-00442,Central,Small Business,51.68,0,0.2096,Medium
2024-07-01,SYN-00018,Central,Small Business,81.86,0,0.2089,Medium
2024-10-01,SYN-00277,Central,Consumer,26.87,0,0.2084,Medium
2024-10-01,SYN-00427,Central,Consumer,33.7,0,0.2074,Medium
2024-11-01,SYN-00006,West,Small Business,140.54,0,0.207,Medium
2024-09-01,SYN-00073,West,Consumer,31.13,0,0.2065,Medium
2024-11-01,SYN-00141,East,Small Business,267.96,0,0.2061,Medium
2024-09-01,SYN-00060,Central,Consumer,62.28,0,0.2058,Medium
2024-09-01,SYN-00186,East,Consumer,27.56,0,0.2054,Medium
2024-08-01,SYN-00019,West,Consumer,35.75,0,0.2044,Medium
2024-12-01,SYN-00427,Central,Consumer,34.75,0,0.2043,Medium
2024-07-01,SYN-00225,Central,Consumer,28.95,0,0.2041,Medium
2024-12-01,SYN-00036,Central,Consumer,25.87,0,0.204,Medium
2024-07-01,SYN-00372,Central,Consumer,32.27,0,0.2036,Medium
2024-08-01,SYN-00107,Central,Small Business,74.91,0,0.2033,Medium
2024-12-01,SYN-00289,East,Small Business,159.73,0,0.2022,Medium
2024-11-01,SYN-00252,West,Consumer,43.03,0,0.2013,Medium
2024-07-01,SYN-00462,Central,Consumer,29.9,0,0.2009,Medium
2024-07-01,SYN-00034,Central,Consumer,29.12,0,0.1996,Low
2024-09-01,SYN-00240,Central,Consumer,40.01,0,0.199,Low
2024-10-01,SYN-00077,Central,Small Business,86.64,0,0.199,Low
2024-08-01,SYN-00002,Central,Small Business,53.15,0,0.1989,Low
2024-10-01,SYN-00401,Central,Consumer,32.34,0,0.1968,Low
2024-10-01,SYN-00110,West,Consumer,33.38,0,0.1959,Low
2024-11-01,SYN-00471,Central,Consumer,38.46,0,0.1958,Low
2024-11-01,SYN-00143,West,Consumer,34.14,0,0.1934,Low
2024-08-01,SYN-00437,Central,Commercial,126.13,0,0.1913,Low
2024-11-01,SYN-00320,West,Consumer,32.9,0,0.1908,Low
2024-09-01,SYN-00485,Central,Consumer,27.23,0,0.1908,Low
2024-11-01,SYN-00084,Central,Consumer,42.15,0,0.1904,Low
2024-08-01,SYN-00286,Central,Consumer,39.06,0,0.1902,Low
2024-12-01,SYN-00267,Central,Consumer,53.35,0,0.1896,Low
2024-11-01,SYN-00447,West,Small Business,268.23,0,0.1895,Low
2024-10-01,SYN-00462,Central,Consumer,24.25,0,0.1893,Low
2024-07-01,SYN-00315,Central,Consumer,24.94,0,0.1886,Low
2024-09-01,SYN-00312,Central,Consumer,73.32,0,0.1874,Low
2024-08-01,SYN-00406,West,Consumer,41.95,0,0.187,Low
2024-11-01,SYN-00034,Central,Consumer,27.29,0,0.187,Low
2024-12-01,SYN-00406,West,Consumer,53.36,0,0.1868,Low
2024-10-01,SYN-00027,East,Commercial,325.51,0,0.1867,Low
2024-07-01,SYN-00440,East,Consumer,47.3,0,0.1855,Low
2024-11-01,SYN-00458,East,Consumer,33.41,0,0.1853,Low
2024-07-01,SYN-00149,Central,Consumer,25.25,0,0.1852,Low
2024-12-01,SYN-00212,East,Consumer,33.33,0,0.185,Low
2024-09-01,SYN-00355,East,Consumer,76.87,0,0.1844,Low
2024-11-01,SYN-00092,East,Consumer,29.81,0,0.1843,Low
2024-07-01,SYN-00332,Central,Consumer,51.85,0,0.1842,Low
2024-11-01,SYN-00001,West,Small Business,39.27,0,0.1842,Low
2024-08-01,SYN-00169,Central,Consumer,39.81,1,0.1832,Low
2024-11-01,SYN-00455,Central,Commercial,207.99,0,0.1829,Low
2024-07-01,SYN-00266,Central,Consumer,54.77,1,0.1827,Low
2024-09-01,SYN-00434,West,Small Business,154.39,0,0.1824,Low
2024-10-01,SYN-00468,West,Consumer,36.26,0,0.1811,Low
2024-08-01,SYN-00354,East,Small Business,112.71,0,0.1811,Low
2024-12-01,SYN-00404,Central,Consumer,32.81,0,0.1809,Low
2024-09-01,SYN-00076,Central,Consumer,71.18,1,0.1808,Low
2024-10-01,SYN-00100,West,Consumer,57.08,0,0.1795,Low
2024-10-01,SYN-00101,West,Consumer,69.19,0,0.1793,Low
2024-08-01,SYN-00143,West,Consumer,40.27,0,0.1787,Low
2024-07-01,SYN-00051,Central,Consumer,52.61,0,0.178,Low
2024-08-01,SYN-00370,West,Consumer,35.09,0,0.1776,Low
2024-07-01,SYN-00321,West,Consumer,156.29,0,0.1774,Low
2024-11-01,SYN-00305,West,Consumer,40.95,0,0.1764,Low
2024-12-01,SYN-00362,Central,Small Business,42.75,0,0.1764,Low
2024-09-01,SYN-00009,Central,Consumer,58.58,0,0.1754,Low
2024-11-01,SYN-00457,West,Small Business,92.28,0,0.1751,Low
2024-08-01,SYN-00298,West,Consumer,49.9,1,0.1743,Low
2024-07-01,SYN-00139,West,Small Business,54.97,0,0.1743,Low
2024-07-01,SYN-00437,Central,Commercial,138.52,0,0.1742,Low
2024-10-01,SYN-00107,Central,Small Business,50.42,1,0.1736,Low
2024-10-01,SYN-00424,Central,Consumer,82.41,0,0.1733,Low
2024-12-01,SYN-00173,Central,Commercial,361.23,0,0.1733,Low
2024-10-01,SYN-00001,West,Small Business,35.18,0,0.1733,Low
2024-08-01,SYN-00319,Central,Consumer,96.32,0,0.1732,Low
2024-12-01,SYN-00171,Central,Consumer,26.89,0,0.1725,Low
2024-08-01,SYN-00205,Central,Consumer,93.38,0,0.1722,Low
2024-09-01,SYN-00413,Central,Small Business,32.63,0,0.1719,Low
2024-09-01,SYN-00079,East,Small Business,82.03,0,0.1713,Low
2024-10-01,SYN-00256,West,Consumer,26.33,0,0.1711,Low
2024-07-01,SYN-00324,East,Consumer,32.5,0,0.1693,Low
2024-09-01,SYN-00113,Central,Commercial,216.35,0,0.1691,Low
2024-12-01,SYN-00378,Central,Consumer,39.71,0,0.1691,Low
2024-07-01,SYN-00113,Central,Commercial,275.98,0,0.1671,Low
2024-07-01,SYN-00447,West,Small Business,310.2,0,0.1666,Low
2024-08-01,SYN-00341,Central,Consumer,43.58,0,0.1657,Low
2024-12-01,SYN-00302,Central,Consumer,51.68,0,0.1655,Low
2024-11-01,SYN-00169,Central,Consumer,42.02,0,0.1651,Low
2024-08-01,SYN-00015,Central,Consumer,80.4,0,0.1645,Low
2024-12-01,SYN-00498,East,Consumer,21.86,0,0.1643,Low
2024-09-01,SYN-00256,West,Consumer,26.42,0,0.1638,Low
2024-07-01,SYN-00303,East,Small Business,66.68,0,0.1638,Low
2024-08-01,SYN-00471,Central,Consumer,49.14,0,0.1637,Low
2024-07-01,SYN-00187,Central,Consumer,94.94,0,0.1637,Low
2024-08-01,SYN-00129,Central,Consumer,65.91,0,0.1636,Low
2024-10-01,SYN-00051,Central,Consumer,48.72,0,0.1628,Low
2024-09-01,SYN-00229,East,Consumer,36.66,0,0.1626,Low
2024-08-01,SYN-00065,East,Consumer,54.24,1,0.1619,Low
2024-12-01,SYN-00250,Central,Small Business,84.72,1,0.1616,Low
2024-11-01,SYN-00007,West,Consumer,42.98,0,0.1616,Low
2024-10-01,SYN-00120,East,Consumer,56.92,0,0.161,Low
2024-11-01,SYN-00199,Central,Consumer,27.67,0,0.1608,Low
2024-08-01,SYN-00282,Central,Small Business,65.8,0,0.1601,Low
2024-08-01,SYN-00230,Central,Consumer,112.96,0,0.1601,Low
2024-12-01,SYN-00360,East,Consumer,42.86,0,0.1595,Low
2024-07-01,SYN-00277,Central,Consumer,46.85,0,0.1594,Low
2024-09-01,SYN-00500,East,Consumer,62.96,0,0.1594,Low
2024-12-01,SYN-00054,East,Small Business,133.59,0,0.159,Low
2024-08-01,SYN-00307,Central,Small Business,44.91,0,0.1589,Low
2024-12-01,SYN-00051,Central,Consumer,54.03,0,0.1586,Low
2024-08-01,SYN-00227,Central,Consumer,47.26,0,0.1578,Low
2024-11-01,SYN-00358,West,Small Business,78.95,0,0.1576,Low
2024-09-01,SYN-00206,Central,Consumer,68.38,0,0.1574,Low
2024-12-01,SYN-00149,Central,Consumer,34.46,0,0.1561,Low
2024-09-01,SYN-00465,East,Commercial,153.33,0,0.1557,Low
2024-11-01,SYN-00220,Central,Commercial,83.34,0,0.1553,Low
2024-07-01,SYN-00370,West,Consumer,41.57,0,0.1551,Low
2024-10-01,SYN-00302,Central,Consumer,60.23,0,0.1548,Low
2024-08-01,SYN-00245,East,Consumer,146.06,0,0.1542,Low
2024-09-01,SYN-00088,East,Consumer,29.83,0,0.1541,Low
2024-09-01,SYN-00121,East,Small Business,105.56,0,0.154,Low
2024-08-01,SYN-00041,Central,Commercial,148.21,0,0.1538,Low
2024-12-01,SYN-00307,Central,Small Business,53.34,0,0.1534,Low
2024-09-01,SYN-00208,East,Small Business,97.6,0,0.1527,Low
2024-09-01,SYN-00139,West,Small Business,45.25,0,0.1526,Low
2024-12-01,SYN-00444,Central,Consumer,25.21,0,0.1523,Low
2024-10-01,SYN-00274,East,Small Business,46.63,0,0.1523,Low
2024-07-01,SYN-00134,Central,Consumer,39.28,0,0.1522,Low
2024-09-01,SYN-00112,Central,Consumer,81.51,0,0.1516,Low
2024-09-01,SYN-00227,Central,Consumer,44.29,0,0.1507,Low
2024-12-01,SYN-00102,East,Small Business,256.63,0,0.1505,Low
2024-12-01,SYN-00358,West,Small Business,91.33,0,0.15,Low
2024-08-01,SYN-00474,Central,Small Business,114.1,0,0.1496,Low
2024-10-01,SYN-00456,Central,Small Business,68.59,0,0.1492,Low
2024-09-01,SYN-00330,Central,Consumer,45.77,0,0.1491,Low
2024-10-01,SYN-00046,West,Consumer,36.68,0,0.1489,Low
2024-08-01,SYN-00358,West,Small Business,70.6,0,0.1487,Low
2024-10-01,SYN-00117,West,Small Business,47.01,0,0.1484,Low
2024-11-01,SYN-00046,West,Consumer,39.63,0,0.1484,Low
2024-07-01,SYN-00409,Central,Consumer,84.72,0,0.1479,Low
2024-11-01,SYN-00315,Central,Consumer,28.13,0,0.1476,Low
2024-08-01,SYN-00083,West,Consumer,29.51,0,0.1474,Low
2024-11-01,SYN-00416,Central,Commercial,215.09,1,0.1469,Low
2024-09-01,SYN-00390,West,Small Business,45.48,0,0.1468,Low
2024-09-01,SYN-00154,East,Consumer,91.13,0,0.146,Low
2024-12-01,SYN-00225,Central,Consumer,33.13,0,0.146,Low
2024-07-01,SYN-00383,West,Commercial,275.32,0,0.1458,Low
2024-10-01,SYN-00259,Central,Consumer,58.81,0,0.1455,Low
2024-10-01,SYN-00437,Central,Commercial,128.25,0,0.1451,Low
2024-08-01,SYN-00084,Central,Consumer,34.33,0,0.1451,Low
2024-07-01,SYN-00471,Central,Consumer,42.35,0,0.1443,Low
2024-11-01,SYN-00356,East,Consumer,31.79,0,0.1441,Low
2024-12-01,SYN-00447,West,Small Business,293.71,0,0.1433,Low
2024-11-01,SYN-00151,West,Consumer,44.76,0,0.1431,Low
2024-08-01,SYN-00343,West,Consumer,34.1,0,0.1425,Low
2024-08-01,SYN-00127,Central,Small Business,66.44,0,0.1422,Low
2024-07-01,SYN-00077,Central,Small Business,96.05,0,0.142,Low
2024-10-01,SYN-00358,West,Small Business,82.28,0,0.1416,Low
2024-12-01,SYN-00324,East,Consumer,28.04,0,0.1415,Low
2024-08-01,SYN-00324,East,Consumer,36.03,0,0.1415,Low
2024-10-01,SYN-00448,East,Small Business,55.49,0,0.1414,Low
2024-11-01,SYN-00264,Central,Consumer,27.71,0,0.1412,Low
2024-07-01,SYN-00092,East,Consumer,21.56,0,0.1404,Low
2024-09-01,SYN-00044,Central,Commercial,179.46,0,0.1395,Low
2024-08-01,SYN-00479,East,Consumer,39.34,0,0.139,Low
2024-08-01,SYN-00173,Central,Commercial,330.41,0,0.1381,Low
2024-08-01,SYN-00118,East,Consumer,37.26,0,0.1379,Low
2024-08-01,SYN-00417,Central,Consumer,28.96,0,0.1378,Low
2024-11-01,SYN-00256,West,Consumer,30.46,0,0.1376,Low
2024-08-01,SYN-00482,Central,Small Business,116.48,0,0.1375,Low
2024-07-01,SYN-00019,West,Consumer,39.23,0,0.1374,Low
2024-08-01,SYN-00267,Central,Consumer,57.26,0,0.1374,Low
2024-12-01,SYN-00142,East,Small Business,114.69,0,0.1372,Low
2024-09-01,SYN-00320,West,Consumer,37.31,0,0.1369,Low
2024-07-01,SYN-00229,East,Consumer,43.77,0,0.1368,Low
2024-07-01,SYN-00102,East,Small Business,236.96,0,0.1364,Low
2024-12-01,SYN-00400,Central,Consumer,51.59,0,0.1362,Low
2024-07-01,SYN-00167,West,Small Business,167.13,0,0.1361,Low
2024-07-01,SYN-00057,East,Consumer,119.81,0,0.1358,Low
2024-07-01,SYN-00334,West,Consumer,49.05,0,0.1352,Low
2024-10-01,SYN-00478,East,Consumer,38.1,0,0.1349,Low
2024-09-01,SYN-00171,Central,Consumer,27.08,0,0.1342,Low
2024-08-01,SYN-00275,East,Consumer,54.49,0,0.1339,Low
2024-07-01,SYN-00356,East,Consumer,29.65,0,0.1338,Low
2024-11-01,SYN-00434,West,Small Business,146.0,0,0.1335,Low
2024-08-01,SYN-00236,West,Small Business,75.86,0,0.1333,Low
2024-10-01,SYN-00412,East,Small Business,151.98,0,0.1324,Low
2024-09-01,SYN-00393,East,Consumer,56.12,0,0.1321,Low
2024-08-01,SYN-00460,East,Consumer,62.78,0,0.132,Low
2024-12-01,SYN-00386,West,Consumer,35.65,0,0.132,Low
2024-08-01,SYN-00295,West,Consumer,167.2,0,0.1314,Low
2024-08-01,SYN-00429,Central,Consumer,25.75,0,0.1306,Low
2024-08-01,SYN-00004,East,Consumer,34.64,0,0.1296,Low
2024-08-01,SYN-00154,East,Consumer,96.62,0,0.1295,Low
2024-09-01,SYN-00094,Central,Consumer,89.95,0,0.1293,Low
2024-09-01,SYN-00286,Central,Consumer,44.55,0,0.1291,Low
2024-10-01,SYN-00330,Central,Consumer,49.22,0,0.1284,Low
2024-11-01,SYN-00049,East,Small Business,144.78,0,0.1273,Low
2024-11-01,SYN-00405,West,Commercial,189.5,0,0.1273,Low
2024-12-01,SYN-00457,West,Small Business,96.18,0,0.1271,Low
2024-12-01,SYN-00050,Central,Consumer,38.33,0,0.127,Low
2024-10-01,SYN-00348,Central,Small Business,105.45,0,0.1263,Low
2024-12-01,SYN-00095,Central,Consumer,20.24,0,0.1262,Low
2024-11-01,SYN-00258,Central,Commercial,269.48,0,0.1262,Low
2024-12-01,SYN-00139,West,Small Business,48.68,0,0.1261,Low
2024-12-01,SYN-00361,West,Small Business,46.05,0,0.126,Low
2024-09-01,SYN-00277,Central,Consumer,42.39,0,0.1259,Low
2024-09-01,SYN-00299,West,Small Business,152.45,0,0.1258,Low
2024-07-01,SYN-00028,Central,Commercial,141.79,0,0.1254,Low
2024-11-01,SYN-00123,Central,Commercial,227.45,0,0.125,Low
2024-09-01,SYN-00066,East,Consumer,47.59,0,0.1248,Low
2024-07-01,SYN-00427,Central,Consumer,29.74,0,0.1245,Low
2024-12-01,SYN-00233,West,Consumer,141.61,0,0.1244,Low
2024-10-01,SYN-00286,Central,Consumer,41.4,0,0.124,Low
2024-08-01,SYN-00395,Central,Small Business,82.97,0,0.1239,Low
2024-08-01,SYN-00452,West,Consumer,36.49,0,0.1239,Low
2024-08-01,SYN-00116,West,Small Business,176.53,0,0.1233,Low
2024-08-01,SYN-00391,East,Consumer,57.33,0,0.1233,Low
2024-10-01,SYN-00216,West,Consumer,90.06,0,0.1225,Low
2024-10-01,SYN-00029,Central,Small Business,161.06,1,0.1224,Low
2024-08-01,SYN-00403,West,Consumer,209.95,0,0.1223,Low
2024-12-01,SYN-00436,Central,Consumer,45.58,0,0.1223,Low
2024-08-01,SYN-00068,Central,Consumer,35.3,0,0.1222,Low
2024-12-01,SYN-00258,Central,Commercial,317.96,0,0.122,Low
2024-07-01,SYN-00478,East,Consumer,39.21,0,0.1217,Low
2024-11-01,SYN-00431,West,Consumer,33.52,0,0.1212,Low
2024-10-01,SYN-00405,West,Commercial,211.56,0,0.1209,Low
2024-10-01,SYN-00378,Central,Consumer,42.75,0,0.1204,Low
2024-08-01,SYN-00386,West,Consumer,33.01,0,0.1198,Low
2024-09-01,SYN-00419,Central,Consumer,63.25,0,0.1197,Low
2024-07-01,SYN-00255,Central,Small Business,56.8,0,0.1196,Low
2024-09-01,SYN-00260,East,Consumer,35.95,0,0.1191,Low
2024-10-01,SYN-00045,West,Consumer,144.42,0,0.1186,Low
2024-07-01,SYN-00457,West,Small Business,106.4,0,0.1184,Low
2024-12-01,SYN-00185,West,Consumer,77.61,0,0.1182,Low
2024-08-01,SYN-00008,West,Small Business,221.0,0,0.1182,Low
2024-08-01,SYN-00113,Central,Commercial,243.77,0,0.1178,Low
2024-12-01,SYN-00118,East,Consumer,39.33,0,0.1177,Low
2024-07-01,SYN-00353,East,Small Business,67.95,0,0.1176,Low
2024-11-01,SYN-00331,West,Consumer,106.83,0,0.1175,Low
2024-12-01,SYN-00414,West,Commercial,426.08,0,0.1175,Low
2024-08-01,SYN-00269,Central,Consumer,53.82,0,0.117,Low
2024-09-01,SYN-00350,Central,Commercial,119.28,0,0.1169,Low
2024-09-01,SYN-00263,Central,Consumer,166.0,0,0.1168,Low
2024-07-01,SYN-00093,Central,Consumer,42.29,0,0.1163,Low
2024-12-01,SYN-00373,Central,Commercial,70.28,0,0.1162,Low
2024-09-01,SYN-00223,East,Consumer,43.11,0,0.1161,Low
2024-10-01,SYN-00024,West,Consumer,63.17,0,0.1159,Low
2024-09-01,SYN-00481,Central,Commercial,134.39,0,0.1154,Low
2024-12-01,SYN-00033,Central,Consumer,47.64,0,0.1151,Low
2024-07-01,SYN-00386,West,Consumer,38.51,0,0.115,Low
2024-11-01,SYN-00276,Central,Small Business,94.21,0,0.1147,Low
2024-10-01,SYN-00148,East,Consumer,96.33,0,0.1144,Low
2024-10-01,SYN-00367,West,Small Business,156.15,0,0.1142,Low
2024-08-01,SYN-00091,Central,Commercial,176.87,0,0.1138,Low
2024-11-01,SYN-00302,Central,Consumer,48.01,0,0.1136,Low
2024-10-01,SYN-00228,East,Consumer,65.69,0,0.1135,Low
2024-09-01,SYN-00297,West,Consumer,49.47,1,0.1134,Low
2024-11-01,SYN-00306,East,Consumer,31.68,0,0.1134,Low
2024-08-01,SYN-00483,East,Small Business,79.24,0,0.1131,Low
2024-09-01,SYN-00219,West,Consumer,41.73,0,0.1129,Low
2024-11-01,SYN-00149,Central,Consumer,31.53,0,0.1129,Low
2024-08-01,SYN-00155,Central,Small Business,208.35,0,0.1128,Low
2024-08-01,SYN-00312,Central,Consumer,96.92,0,0.1127,Low
2024-07-01,SYN-00310,Central,Commercial,214.31,0,0.1125,Low
2024-08-01,SYN-00478,East,Consumer,39.09,0,0.1117,Low
2024-10-01,SYN-00420,West,Consumer,45.83,0,0.1117,Low
2024-08-01,SYN-00463,West,Consumer,82.75,0,0.1116,Low
2024-07-01,SYN-00036,Central,Consumer,38.58,0,0.1114,Low
2024-07-01,SYN-00141,East,Small Business,247.14,0,0.1114,Low
2024-11-01,SYN-00231,Central,Consumer,48.89,0,0.1113,Low
2024-08-01,SYN-00073,West,Consumer,36.9,0,0.1112,Low
2024-12-01,SYN-00469,Central,Consumer,44.87,0,0.1109,Low
2024-07-01,SYN-00358,West,Small Business,74.84,0,0.1109,Low
2024-09-01,SYN-00003,West,Commercial,89.49,0,0.1108,Low
2024-10-01,SYN-00220,Central,Commercial,91.7,0,0.1107,Low
2024-10-01,SYN-00269,Central,Consumer,49.5,0,0.1107,Low
2024-08-01,SYN-00096,East,Consumer,47.44,0,0.1104,Low
2024-10-01,SYN-00235,West,Consumer,51.22,0,0.1102,Low
2024-12-01,SYN-00331,West,Consumer,99.64,0,0.1101,Low
2024-10-01,SYN-00482,Central,Small Business,124.78,0,0.11,Low
2024-07-01,SYN-00395,Central,Small Business,88.79,0,0.1099,Low
2024-10-01,SYN-00215,East,Small Business,168.37,0,0.1096,Low
2024-12-01,SYN-00452,West,Consumer,36.93,0,0.1095,Low
2024-08-01,SYN-00333,East,Consumer,32.38,0,0.1094,Low
2024-10-01,SYN-00187,Central,Consumer,91.57,0,0.1091,Low
2024-10-01,SYN-00126,East,Consumer,51.25,0,0.1091,Low
2024-07-01,SYN-00095,Central,Consumer,25.64,0,0.109,Low
2024-09-01,SYN-00115,Central,Consumer,53.54,0,0.109,Low
2024-09-01,SYN-00333,East,Consumer,30.88,0,0.109,Low
2024-10-01,SYN-00469,Central,Consumer,36.97,0,0.1088,Low
2024-12-01,SYN-00422,Central,Small Business,193.14,0,0.1085,Low
2024-08-01,SYN-00380,East,Consumer,33.67,0,0.1085,Low
2024-10-01,SYN-00434,West,Small Business,143.25,0,0.1084,Low
2024-07-01,SYN-00234,East,Consumer,129.93,0,0.1082,Low
2024-09-01,SYN-00408,West,Consumer,62.97,0,0.108,Low
2024-09-01,SYN-00102,East,Small Business,244.71,0,0.1078,Low
2024-12-01,SYN-00134,Central,Consumer,40.08,0,0.1078,Low
2024-11-01,SYN-00486,Central,Commercial,205.89,0,0.1077,Low
2024-09-01,SYN-00176,Central,Consumer,44.47,0,0.1074,Low
2024-07-01,SYN-00434,West,Small Business,167.86,0,0.1068,Low
2024-07-01,SYN-00498,East,Consumer,32.09,0,0.1066,Low
2024-07-01,SYN-00281,Central,Consumer,61.13,0,0.1064,Low
2024-07-01,SYN-00393,East,Consumer,59.4,0,0.1064,Low
2024-12-01,SYN-00385,Central,Consumer,111.87,0,0.1061,Low
2024-10-01,SYN-00288,Central,Consumer,48.21,0,0.106,Low
2024-09-01,SYN-00458,East,Consumer,40.92,0,0.1059,Low
2024-07-01,SYN-00054,East,Small Business,169.02,0,0.1058,Low
2024-09-01,SYN-00265,West,Small Business,68.41,0,0.1056,Low
2024-09-01,SYN-00340,West,Consumer,48.42,0,0.1055,Low
2024-10-01,SYN-00343,West,Consumer,39.42,0,0.1055,Low
2024-08-01,SYN-00404,Central,Consumer,31.92,0,0.105,Low
2024-07-01,SYN-00305,West,Consumer,46.95,0,0.1048,Low
2024-10-01,SYN-00442,Central,Small Business,50.04,0,0.1048,Low
2024-09-01,SYN-00383,West,Commercial,257.23,0,0.1046,Low
2024-12-01,SYN-00405,West,Commercial,255.82,0,0.1042,Low
2024-10-01,SYN-00371,West,Small Business,84.7,0,0.1041,Low
2024-07-01,SYN-00137,West,Consumer,45.75,0,0.1041,Low
2024-09-01,SYN-00253,East,Consumer,33.15,0,0.1036,Low
2024-07-01,SYN-00423,Central,Consumer,28.16,0,0.1035,Low
2024-11-01,SYN-00364,Central,Consumer,88.75,0,0.1035,Low
2024-07-01,SYN-00406,West,Consumer,55.7,0,0.1035,Low
2024-10-01,SYN-00131,Central,Commercial,128.46,0,0.1034,Low
2024-12-01,SYN-00131,Central,Commercial,113.95,0,0.1032,Low
2024-12-01,SYN-00059,Central,Consumer,45.46,0,0.1032,Low
2024-10-01,SYN-00266,Central,Consumer,103.31,0,0.1031,Low
2024-08-01,SYN-00011,Central,Consumer,44.51,0,0.1031,Low
2024-08-01,SYN-00431,West,Consumer,41.54,0,0.103,Low
2024-08-01,SYN-00368,East,Small Business,97.22,0,0.103,Low
2024-09-01,SYN-00080,West,Consumer,35.12,0,0.1027,Low
2024-08-01,SYN-00301,West,Small Business,56.27,0,0.1026,Low
2024-09-01,SYN-00341,Central,Consumer,41.71,0,0.1024,Low
2024-10-01,SYN-00444,Central,Consumer,30.88,0,0.1023,Low
2024-12-01,SYN-00473,Central,Consumer,51.66,0,0.1022,Low
2024-12-01,SYN-00154,East,Consumer,92.14,0,0.1016,Low
2024-11-01,SYN-00245,East,Consumer,139.35,0,0.1014,Low
2024-12-01,SYN-00383,West,Commercial,265.36,0,0.1011,Low
2024-08-01,SYN-00405,West,Commercial,215.91,0,0.1007,Low
2024-09-01,SYN-00402,West,Consumer,82.17,0,0.1007,Low
2024-10-01,SYN-00030,East,Consumer,37.96,0,0.1004,Low
2024-12-01,SYN-00122,East,Consumer,153.97,0,0.1002,Low
2024-09-01,SYN-00218,Central,Consumer,30.86,0,0.0999,Low
2024-10-01,SYN-00164,Central,Consumer,57.98,0,0.0998,Low
2024-12-01,SYN-00137,West,Consumer,40.06,0,0.0996,Low
2024-07-01,SYN-00420,West,Consumer,57.98,0,0.0987,Low
2024-07-01,SYN-00367,West,Small Business,167.55,0,0.0987,Low
2024-09-01,SYN-00349,East,Consumer,32.02,1,0.0986,Low
2024-09-01,SYN-00289,East,Small Business,167.52,0,0.0985,Low
2024-09-01,SYN-00043,East,Small Business,150.01,0,0.0981,Low
2024-12-01,SYN-00310,Central,Commercial,182.51,0,0.0979,Low
2024-12-01,SYN-00042,West,Consumer,53.17,0,0.0977,Low
2024-09-01,SYN-00325,West,Small Business,55.99,0,0.0976,Low
2024-09-01,SYN-00459,West,Consumer,53.4,0,0.0976,Low
2024-10-01,SYN-00383,West,Commercial,225.37,0,0.0976,Low
2024-12-01,SYN-00253,East,Consumer,37.64,0,0.0975,Low
2024-12-01,SYN-00284,Central,Consumer,42.19,0,0.0968,Low
2024-08-01,SYN-00117,West,Small Business,51.63,0,0.0967,Low
2024-09-01,SYN-00315,Central,Consumer,37.68,0,0.0966,Low
2024-11-01,SYN-00230,Central,Consumer,114.4,0,0.0965,Low
2024-10-01,SYN-00307,Central,Small Business,46.22,0,0.0965,Low
2024-08-01,SYN-00196,Central,Consumer,77.57,0,0.0963,Low
2024-11-01,SYN-00440,East,Consumer,48.73,0,0.0962,Low
2024-09-01,SYN-00308,East,Consumer,22.16,0,0.0961,Low
2024-12-01,SYN-00053,West,Consumer,38.09,0,0.096,Low
2024-11-01,SYN-00260,East,Consumer,43.89,0,0.0959,Low
2024-12-01,SYN-00303,East,Small Business,62.55,0,0.0958,Low
2024-08-01,SYN-00481,Central,Commercial,105.03,0,0.0958,Low
2024-11-01,SYN-00173,Central,Commercial,348.55,0,0.0957,Low
2024-07-01,SYN-00282,Central,Small Business,77.45,0,0.0953,Low
2024-11-01,SYN-00145,East,Consumer,46.15,0,0.0951,Low
2024-12-01,SYN-00113,Central,Commercial,244.52,0,0.095,Low
2024-07-01,SYN-00181,West,Consumer,37.66,0,0.095,Low
2024-07-01,SYN-00465,East,Commercial,159.15,0,0.0949,Low
2024-10-01,SYN-00028,Central,Commercial,120.19,0,0.0947,Low
2024-09-01,SYN-00222,East,Consumer,61.52,0,0.0947,Low
2024-10-01,SYN-00247,East,Consumer,86.21,0,0.0946,Low
2024-10-01,SYN-00453,East,Consumer,61.64,0,0.0946,Low
2024-10-01,SYN-00113,Central,Commercial,255.58,0,0.0945,Low
2024-07-01,SYN-00132,West,Small Business,388.09,0,0.0945,Low
2024-11-01,SYN-00041,Central,Commercial,133.13,0,0.0945,Low
2024-10-01,SYN-00036,Central,Consumer,37.5,0,0.0944,Low
2024-08-01,SYN-00361,West,Small Business,48.89,0,0.0943,Low
2024-12-01,SYN-00220,Central,Commercial,85.81,0,0.0942,Low
2024-07-01,SYN-00212,East,Consumer,43.66,0,0.0941,Low
2024-08-01,SYN-00345,West,Consumer,69.63,0,0.0941,Low
2024-11-01,SYN-00327,West,Consumer,45.24,0,0.0941,Low
2024-10-01,SYN-00458,East,Consumer,44.77,0,0.094,Low
2024-09-01,SYN-00041,Central,Commercial,135.9,0,0.0939,Low
2024-11-01,SYN-00474,Central,Small Business,99.24,0,0.0937,Low
2024-12-01,SYN-00366,Central,Small Business,109.02,0,0.0936,Low
2024-08-01,SYN-00225,Central,Consumer,33.51,0,0.0935,Low
2024-10-01,SYN-00369,Central,Consumer,83.21,0,0.0929,Low
2024-07-01,SYN-00165,East,Consumer,68.69,0,0.0927,Low
2024-08-01,SYN-00233,West,Consumer,125.27,0,0.0926,Low
2024-08-01,SYN-00027,East,Commercial,309.54,0,0.0926,Low
2024-09-01,SYN-00405,West,Commercial,211.46,0,0.0926,Low
2024-10-01,SYN-00137,West,Consumer,35.0,0,0.0925,Low
2024-11-01,SYN-00437,Central,Commercial,161.68,0,0.0923,Low
2024-09-01,SYN-00109,Central,Small Business,110.31,0,0.0918,Low
2024-12-01,SYN-00045,West,Consumer,133.8,0,0.0915,Low
2024-07-01,SYN-00154,East,Consumer,107.28,0,0.0914,Low
2024-07-01,SYN-00495,West,Commercial,234.0,1,0.0914,Low
2024-10-01,SYN-00415,Central,Commercial,204.7,0,0.0913,Low
2024-11-01,SYN-00093,Central,Consumer,37.35,0,0.0912,Low
2024-07-01,SYN-00182,West,Consumer,151.81,0,0.091,Low
2024-11-01,SYN-00383,West,Commercial,272.33,0,0.0908,Low
2024-12-01,SYN-00450,East,Consumer,137.55,0,0.0907,Low
2024-08-01,SYN-00204,Central,Small Business,167.09,0,0.0905,Low
2024-10-01,SYN-00114,East,Commercial,91.83,0,0.0901,Low
2024-08-01,SYN-00264,Central,Consumer,41.26,0,0.09,Low
2024-08-01,SYN-00240,Central,Consumer,60.27,0,0.0897,Low
2024-09-01,SYN-00148,East,Consumer,98.28,0,0.0896,Low
2024-07-01,SYN-00196,Central,Consumer,95.14,0,0.0894,Low
2024-12-01,SYN-00401,Central,Consumer,45.46,0,0.0894,Low
2024-08-01,SYN-00131,Central,Commercial,104.93,0,0.0892,Low
2024-10-01,SYN-00236,West,Small Business,64.63,0,0.0891,Low
2024-11-01,SYN-00415,Central,Commercial,209.82,0,0.0889,Low
2024-12-01,SYN-00455,Central,Commercial,233.16,0,0.0887,Low
2024-12-01,SYN-00159,East,Consumer,69.52,0,0.0884,Low
2024-08-01,SYN-00383,West,Commercial,240.24,0,0.0884,Low
2024-10-01,SYN-00221,Central,Consumer,78.13,0,0.0884,Low
2024-11-01,SYN-00019,West,Consumer,39.23,0,0.0883,Low
2024-09-01,SYN-00255,Central,Small Business,52.9,0,0.0883,Low
2024-09-01,SYN-00377,West,Consumer,40.08,0,0.0878,Low
2024-10-01,SYN-00341,Central,Consumer,37.38,0,0.0876,Low
2024-08-01,SYN-00487,East,Consumer,44.77,0,0.0876,Low
2024-09-01,SYN-00213,Central,Small Business,152.92,0,0.0876,Low
2024-10-01,SYN-00284,Central,Consumer,32.98,0,0.0876,Low
2024-11-01,SYN-00412,East,Small Business,187.22,0,0.0874,Low
2024-07-01,SYN-00228,East,Consumer,78.19,0,0.0871,Low
2024-10-01,SYN-00166,Central,Small Business,217.48,0,0.087,Low
2024-12-01,SYN-00132,West,Small Business,386.39,0,0.0869,Low
2024-09-01,SYN-00168,West,Commercial,56.01,0,0.0868,Low
2024-07-01,SYN-00125,Central,Commercial,802.04,0,0.0867,Low
2024-09-01,SYN-00474,Central,Small Business,131.44,0,0.0867,Low
2024-08-01,SYN-00476,Central,Consumer,62.76,0,0.0866,Low
2024-11-01,SYN-00465,East,Commercial,132.41,0,0.0864,Low
2024-10-01,SYN-00377,West,Consumer,38.45,0,0.0863,Low
2024-08-01,SYN-00303,East,Small Business,69.85,0,0.0863,Low
2024-11-01,SYN-00171,Central,Consumer,32.08,0,0.0863,Low
2024-08-01,SYN-00334,West,Consumer,47.8,0,0.0862,Low
2024-07-01,SYN-00458,East,Consumer,34.8,0,0.0859,Low
2024-10-01,SYN-00351,East,Consumer,43.98,0,0.0858,Low
2024-12-01,SYN-00442,Central,Small Business,49.77,0,0.0858,Low
2024-12-01,SYN-00166,Central,Small Business,228.7,0,0.0858,Low
2024-11-01,SYN-00448,East,Small Business,55.32,0,0.0858,Low
2024-11-01,SYN-00125,Central,Commercial,683.19,0,0.0857,Low
2024-12-01,SYN-00387,East,Consumer,74.75,0,0.0856,Low
2024-10-01,SYN-00403,West,Consumer,204.03,0,0.0853,Low
2024-09-01,SYN-00091,Central,Commercial,184.89,0,0.0852,Low
2024-08-01,SYN-00464,Central,Consumer,69.54,0,0.0852,Low
2024-09-01,SYN-00057,East,Consumer,106.3,0,0.0852,Low
2024-10-01,SYN-00451,Central,Consumer,97.79,0,0.0851,Low
2024-11-01,SYN-00012,West,Small Business,123.76,0,0.0849,Low
2024-11-01,SYN-00091,Central,Commercial,180.39,0,0.0849,Low
2024-09-01,SYN-00475,Central,Consumer,52.38,0,0.0848,Low
2024-09-01,SYN-00447,West,Small Business,349.33,0,0.0845,Low
2024-10-01,SYN-00447,West,Small Business,303.83,0,0.0845,Low
2024-11-01,SYN-00161,Central,Consumer,53.31,0,0.0843,Low
2024-12-01,SYN-00458,East,Consumer,33.22,0,0.0843,Low
2024-09-01,SYN-00132,West,Small Business,362.12,0,0.0843,Low
2024-12-01,SYN-00181,West,Consumer,24.58,0,0.0842,Low
2024-10-01,SYN-00276,Central,Small Business,112.33,0,0.0842,Low
2024-08-01,SYN-00401,Central,Consumer,46.28,0,0.0838,Low
2024-07-01,SYN-00253,East,Consumer,40.71,0,0.0837,Low
2024-07-01,SYN-00210,East,Consumer,123.8,0,0.0837,Low
2024-07-01,SYN-00041,Central,Commercial,150.75,0,0.0834,Low
2024-09-01,SYN-00486,Central,Commercial,217.43,0,0.0833,Low
2024-11-01,SYN-00201,West,Consumer,116.55,0,0.0832,Low
2024-10-01,SYN-00044,Central,Commercial,187.29,0,0.0832,Low
2024-11-01,SYN-00423,Central,Consumer,23.28,0,0.0831,Low
2024-10-01,SYN-00294,Central,Consumer,56.31,0,0.0831,Low
2024-07-01,SYN-00368,East,Small Business,97.72,0,0.0828,Low
2024-09-01,SYN-00059,Central,Consumer,55.38,0,0.0827,Low
2024-07-01,SYN-00340,West,Consumer,63.77,0,0.0826,Low
2024-11-01,SYN-00334,West,Consumer,56.33,0,0.0822,Low
2024-09-01,SYN-00072,Central,Small Business,129.26,0,0.0821,Low
2024-12-01,SYN-00322,East,Consumer,26.38,0,0.082,Low
2024-12-01,SYN-00437,Central,Commercial,167.01,0,0.0819,Low
2024-12-01,SYN-00041,Central,Commercial,130.34,0,0.0817,Low
2024-08-01,SYN-00213,Central,Small Business,177.84,0,0.0816,Low
2024-07-01,SYN-00276,Central,Small Business,98.84,0,0.0816,Low
2024-11-01,SYN-00122,East,Consumer,173.09,0,0.0815,Low
2024-08-01,SYN-00095,Central,Consumer,25.58,0,0.0814,Low
2024-09-01,SYN-00104,West,Small Business,117.79,0,0.0813,Low
2024-12-01,SYN-00325,West,Small Business,60.84,0,0.0813,Low
2024-11-01,SYN-00113,Central,Commercial,240.42,0,0.081,Low
2024-07-01,SYN-00403,West,Consumer,229.63,0,0.0809,Low
2024-07-01,SYN-00494,Central,Consumer,68.43,0,0.0802,Low
2024-12-01,SYN-00440,East,Consumer,51.81,0,0.0802,Low
2024-07-01,SYN-00413,Central,Small Business,59.71,0,0.0801,Low
2024-07-01,SYN-00150,Central,Consumer,90.5,0,0.0801,Low
2024-07-01,SYN-00171,Central,Consumer,42.68,0,0.08,Low
2024-09-01,SYN-00241,West,Consumer,115.89,0,0.0799,Low
2024-07-01,SYN-00131,Central,Commercial,113.72,0,0.0798,Low
2024-07-01,SYN-00373,Central,Commercial,83.81,0,0.0792,Low
2024-07-01,SYN-00486,Central,Commercial,251.75,0,0.0791,Low
2024-09-01,SYN-00181,West,Consumer,35.21,0,0.079,Low
2024-11-01,SYN-00002,Central,Small Business,54.35,0,0.0789,Low
2024-09-01,SYN-00103,Central,Small Business,87.22,0,0.0789,Low
2024-10-01,SYN-00263,Central,Consumer,146.15,0,0.0788,Low
2024-08-01,SYN-00300,East,Small Business,68.2,0,0.0786,Low
2024-09-01,SYN-00217,Central,Consumer,51.34,0,0.0786,Low
2024-10-01,SYN-00460,East,Consumer,71.35,0,0.0785,Low
2024-10-01,SYN-00457,West,Small Business,104.6,0,0.0784,Low
2024-11-01,SYN-00392,Central,Commercial,391.0,0,0.0784,Low
2024-09-01,SYN-00131,Central,Commercial,125.73,0,0.0783,Low
2024-10-01,SYN-00132,West,Small Business,374.45,0,0.0782,Low
2024-08-01,SYN-00122,East,Consumer,158.17,0,0.0781,Low
2024-07-01,SYN-00121,East,Small Business,114.78,0,0.0781,Low
2024-10-01,SYN-00009,Central,Consumer,58.88,0,0.078,Low
2024-12-01,SYN-00274,East,Small Business,56.4,0,0.078,Low
2024-08-01,SYN-00486,Central,Commercial,217.95,0,0.0779,Low
2024-07-01,SYN-00416,Central,Commercial,341.02,0,0.0778,Low
2024-10-01,SYN-00147,Central,Consumer,42.14,0,0.0778,Low
2024-10-01,SYN-00191,West,Consumer,55.41,0,0.0777,Low
2024-11-01,SYN-00022,Central,Consumer,54.32,0,0.0775,Low
2024-09-01,SYN-00031,West,Small Business,198.75,0,0.0773,Low
2024-07-01,SYN-00254,Central,Consumer,35.75,0,0.0769,Low
2024-09-01,SYN-00337,Central,Small Business,48.38,0,0.0768,Low
2024-09-01,SYN-00360,East,Consumer,55.21,0,0.0767,Low
2024-12-01,SYN-00119,Central,Consumer,98.35,0,0.0766,Low
2024-08-01,SYN-00422,Central,Small Business,171.2,0,0.0765,Low
2024-08-01,SYN-00393,East,Consumer,75.87,0,0.0763,Low
2024-11-01,SYN-00451,Central,Consumer,99.85,0,0.0762,Low
2024-09-01,SYN-00099,Central,Commercial,163.79,0,0.0757,Low
2024-11-01,SYN-00480,Central,Consumer,38.18,0,0.0756,Low
2024-12-01,SYN-00223,East,Consumer,44.84,0,0.0754,Low
2024-07-01,SYN-00170,West,Consumer,54.54,0,0.075,Low
2024-12-01,SYN-00057,East,Consumer,110.18,0,0.0749,Low
2024-10-01,SYN-00334,West,Consumer,50.98,0,0.0748,Low
2024-09-01,SYN-00034,Central,Consumer,36.02,0,0.0746,Low
2024-08-01,SYN-00362,Central,Small Business,50.0,0,0.0746,Low
2024-10-01,SYN-00282,Central,Small Business,61.2,0,0.0746,Low
2024-09-01,SYN-00339,Central,Consumer,56.21,0,0.0745,Low
2024-08-01,SYN-00447,West,Small Business,310.08,0,0.0744,Low
2024-10-01,SYN-00197,East,Small Business,93.9,0,0.0744,Low
2024-12-01,SYN-00482,Central,Small Business,137.56,0,0.0743,Low
2024-11-01,SYN-00417,Central,Consumer,45.97,0,0.0742,Low
2024-10-01,SYN-00252,West,Consumer,59.81,0,0.0741,Low
2024-12-01,SYN-00085,Central,Small Business,55.97,0,0.074,Low
2024-08-01,SYN-00306,East,Consumer,32.21,0,0.0738,Low
2024-07-01,SYN-00481,Central,Commercial,121.46,0,0.0737,Low
2024-08-01,SYN-00033,Central,Consumer,45.17,0,0.0737,Low
2024-07-01,SYN-00194,West,Consumer,91.02,0,0.0735,Low
2024-09-01,SYN-00238,West,Consumer,74.4,0,0.0734,Low
2024-07-01,SYN-00402,West,Consumer,92.79,0,0.0733,Low
2024-12-01,SYN-00120,East,Consumer,68.24,0,0.073,Low
2024-10-01,SYN-00170,West,Consumer,53.99,0,0.0729,Low
2024-11-01,SYN-00154,East,Consumer,103.17,0,0.0729,Low
2024-07-01,SYN-00033,Central,Consumer,42.41,0,0.0729,Low
2024-09-01,SYN-00201,West,Consumer,115.28,0,0.0728,Low
2024-11-01,SYN-00353,East,Small Business,67.32,0,0.0723,Low
2024-08-01,SYN-00066,East,Consumer,54.35,0,0.0723,Low
2024-10-01,SYN-00333,East,Consumer,41.67,0,0.0722,Low
2024-11-01,SYN-00225,Central,Consumer,43.19,0,0.0721,Low
2024-08-01,SYN-00287,Central,Small Business,100.12,0,0.0719,Low
2024-08-01,SYN-00363,Central,Small Business,95.76,0,0.0716,Low
2024-07-01,SYN-00231,Central,Consumer,53.67,0,0.0715,Low
2024-11-01,SYN-00241,West,Consumer,122.66,0,0.0714,Low
2024-08-01,SYN-00184,Central,Consumer,69.56,0,0.0714,Low
2024-10-01,SYN-00091,Central,Commercial,196.45,0,0.0713,Low
2024-10-01,SYN-00093,Central,Consumer,40.53,0,0.0712,Low
2024-08-01,SYN-00125,Central,Commercial,785.91,0,0.0712,Low
2024-12-01,SYN-00176,Central,Consumer,39.63,0,0.0711,Low
2024-12-01,SYN-00186,East,Consumer,33.3,0,0.0711,Low
2024-07-01,SYN-00377,West,Consumer,40.17,0,0.0711,Low
2024-08-01,SYN-00409,Central,Consumer,72.91,0,0.0711,Low
2024-10-01,SYN-00061,East,Consumer,48.23,0,0.0711,Low
2024-12-01,SYN-00093,Central,Consumer,38.33,0,0.071,Low
2024-11-01,SYN-00395,Central,Small Business,102.95,0,0.0709,Low
2024-11-01,SYN-00100,West,Consumer,58.4,0,0.0708,Low
2024-09-01,SYN-00282,Central,Small Business,61.13,0,0.0708,Low
2024-09-01,SYN-00177,Central,Small Business,79.79,0,0.0706,Low
2024-12-01,SYN-00439,West,Small Business,174.52,0,0.0706,Low
2024-12-01,SYN-00335,Central,Small Business,194.16,0,0.0703,Low
2024-10-01,SYN-00039,Central,Consumer,33.98,0,0.0702,Low
2024-08-01,SYN-00310,Central,Commercial,199.71,0,0.0701,Low
2024-09-01,SYN-00364,Central,Consumer,98.04,0,0.07,Low
2024-08-01,SYN-00261,Central,Small Business,94.18,0,0.07,Low
2024-09-01,SYN-00046,West,Consumer,47.38,0,0.0699,Low
2024-07-01,SYN-00488,Central,Consumer,43.18,0,0.0698,Low
2024-10-01,SYN-00485,Central,Consumer,34.42,0,0.0698,Low
2024-10-01,SYN-00423,Central,Consumer,31.98,0,0.0697,Low
2024-12-01,SYN-00300,East,Small Business,59.2,0,0.0696,Low
2024-09-01,SYN-00165,East,Consumer,76.28,0,0.0695,Low
2024-10-01,SYN-00241,West,Consumer,136.08,0,0.0695,Low
2024-12-01,SYN-00333,East,Consumer,35.1,0,0.0695,Low
2024-08-01,SYN-00259,Central,Consumer,73.75,0,0.0694,Low
2024-11-01,SYN-00462,Central,Consumer,27.96,0,0.0693,Low
2024-07-01,SYN-00257,West,Consumer,64.66,0,0.0692,Low
2024-12-01,SYN-00430,West,Small Business,165.44,0,0.0691,Low
2024-08-01,SYN-00132,West,Small Business,385.78,0,0.0691,Low
2024-07-01,SYN-00295,West,Consumer,163.09,0,0.0691,Low
2024-11-01,SYN-00266,Central,Consumer,118.37,0,0.069,Low
2024-10-01,SYN-00025,West,Consumer,86.0,0,0.069,Low
2024-10-01,SYN-00285,East,Commercial,286.22,0,0.0689,Low
2024-12-01,SYN-00080,West,Consumer,38.9,0,0.0688,Low
2024-08-01,SYN-00416,Central,Commercial,365.43,0,0.0688,Low
2024-09-01,SYN-00027,East,Commercial,321.12,0,0.0684,Low
2024-12-01,SYN-00416,Central,Commercial,363.26,0,0.0684,Low
2024-07-01,SYN-00431,West,Consumer,32.92,0,0.0683,Low
2024-11-01,SYN-00394,East,Consumer,56.95,0,0.0683,Low
2024-11-01,SYN-00014,West,Consumer,61.58,0,0.0682,Low
2024-12-01,SYN-00061,East,Consumer,56.59,0,0.068,Low
2024-10-01,SYN-00481,Central,Commercial,129.18,0,0.0679,Low
2024-12-01,SYN-00275,East,Consumer,69.64,0,0.0678,Low
2024-11-01,SYN-00397,West,Consumer,90.88,0,0.0678,Low
2024-08-01,SYN-00022,Central,Consumer,40.23,0,0.0678,Low
2024-09-01,SYN-00361,West,Small Business,49.64,0,0.0678,Low
2024-09-01,SYN-00220,Central,Commercial,104.28,0,0.0676,Low
2024-07-01,SYN-00262,West,Consumer,63.46,0,0.0676,Low
2024-09-01,SYN-00173,Central,Commercial,352.86,0,0.0676,Low
2024-12-01,SYN-00411,East,Small Business,119.73,0,0.0675,Low
2024-07-01,SYN-00192,Central,Small Business,122.77,0,0.0675,Low
2024-11-01,SYN-00204,Central,Small Business,164.11,0,0.0675,Low
2024-07-01,SYN-00230,Central,Consumer,126.15,0,0.0674,Low
2024-09-01,SYN-00303,East,Small Business,70.29,0,0.0674,Low
2024-08-01,SYN-00224,West,Commercial,53.7,0,0.0673,Low
2024-09-01,SYN-00416,Central,Commercial,328.28,0,0.0673,Low
2024-07-01,SYN-00236,West,Small Business,97.31,0,0.0672,Low
2024-09-01,SYN-00111,East,Consumer,67.33,0,0.0668,Low
2024-08-01,SYN-00384,East,Consumer,80.38,0,0.0667,Low
2024-07-01,SYN-00053,West,Consumer,46.27,0,0.0666,Low
2024-10-01,SYN-00006,West,Small Business,168.41,0,0.0665,Low
2024-12-01,SYN-00187,Central,Consumer,95.84,0,0.0665,Low
2024-09-01,SYN-00035,East,Consumer,55.87,0,0.0665,Low
2024-09-01,SYN-00395,Central,Small Business,103.81,0,0.0664,Low
2024-07-01,SYN-00090,East,Consumer,104.41,0,0.0663,Low
2024-12-01,SYN-00098,Central,Consumer,105.78,0,0.0662,Low
2024-09-01,SYN-00329,East,Small Business,92.65,0,0.0662,Low
2024-08-01,SYN-00102,East,Small Business,232.57,0,0.0659,Low
2024-10-01,SYN-00083,West,Consumer,38.54,0,0.0659,Low
2024-08-01,SYN-00325,West,Small Business,71.99,0,0.0658,Low
2024-12-01,SYN-00001,West,Small Business,43.33,0,0.0658,Low
2024-12-01,SYN-00125,Central,Commercial,755.12,0,0.0658,Low
2024-10-01,SYN-00157,Central,Small Business,47.95,0,0.0657,Low
2024-10-01,SYN-00182,West,Consumer,131.8,0,0.0657,Low
2024-10-01,SYN-00300,East,Small Business,51.58,0,0.0657,Low
2024-09-01,SYN-00331,West,Consumer,113.8,0,0.0657,Low
2024-10-01,SYN-00173,Central,Commercial,325.2,0,0.0656,Low
2024-11-01,SYN-00314,Central,Consumer,61.17,0,0.0653,Low
2024-11-01,SYN-00188,Central,Commercial,183.21,0,0.065,Low
2024-09-01,SYN-00492,East,Small Business,230.78,0,0.0648,Low
2024-10-01,SYN-00142,East,Small Business,115.16,0,0.0648,Low
2024-10-01,SYN-00003,West,Commercial,88.43,0,0.0646,Low
2024-11-01,SYN-00028,Central,Commercial,105.49,0,0.0644,Low
2024-08-01,SYN-00313,Central,Commercial,383.81,0,0.064,Low
2024-08-01,SYN-00141,East,Small Business,258.88,0,0.064,Low
2024-08-01,SYN-00394,East,Consumer,65.8,0,0.064,Low
2024-09-01,SYN-00058,East,Consumer,141.28,0,0.0639,Low
2024-07-01,SYN-00031,West,Small Business,226.81,0,0.0637,Low
2024-12-01,SYN-00155,Central,Small Business,164.59,0,0.0637,Low
2024-10-01,SYN-00350,Central,Commercial,123.67,0,0.0636,Low
2024-07-01,SYN-00122,East,Consumer,167.56,0,0.0636,Low
2024-12-01,SYN-00188,Central,Commercial,129.17,1,0.0635,Low
2024-07-01,SYN-00285,East,Commercial,323.9,0,0.0634,Low
2024-11-01,SYN-00498,East,Consumer,37.37,0,0.0632,Low
2024-08-01,SYN-00077,Central,Small Business,110.69,0,0.0632,Low
2024-12-01,SYN-00261,Central,Small Business,82.92,0,0.0632,Low
2024-12-01,SYN-00243,Central,Small Business,330.91,0,0.063,Low
2024-08-01,SYN-00346,West,Small Business,99.55,0,0.063,Low
2024-09-01,SYN-00396,East,Small Business,94.48,0,0.0629,Low
2024-10-01,SYN-00474,Central,Small Business,114.16,0,0.0628,Low
2024-10-01,SYN-00162,West,Small Business,115.75,0,0.0627,Low
2024-09-01,SYN-00386,West,Consumer,49.79,0,0.0626,Low
2024-10-01,SYN-00368,East,Small Business,97.6,0,0.0626,Low
2024-12-01,SYN-00492,East,Small Business,242.37,0,0.0625,Low
2024-12-01,SYN-00351,East,Consumer,43.33,0,0.0624,Low
2024-12-01,SYN-00323,Central,Consumer,73.48,0,0.0624,Low
2024-12-01,SYN-00500,East,Consumer,70.45,0,0.0622,Low
2024-12-01,SYN-00172,East,Consumer,56.24,0,0.0621,Low
2024-09-01,SYN-00367,West,Small Business,167.59,0,0.0621,Low
2024-08-01,SYN-00207,Central,Small Business,109.9,0,0.062,Low
2024-07-01,SYN-00489,East,Consumer,66.1,0,0.0619,Low
2024-11-01,SYN-00487,East,Consumer,46.6,0,0.0617,Low
2024-12-01,SYN-00201,West,Consumer,115.79,0,0.0616,Low
2024-09-01,SYN-00358,West,Small Business,101.52,0,0.0616,Low
2024-07-01,SYN-00331,West,Consumer,132.6,0,0.0615,Low
2024-08-01,SYN-00060,Central,Consumer,72.37,0,0.0615,Low
2024-09-01,SYN-00020,East,Small Business,114.89,0,0.0613,Low
2024-08-01,SYN-00108,Central,Consumer,49.67,0,0.0612,Low
2024-10-01,SYN-00316,Central,Small Business,119.85,0,0.0612,Low
2024-11-01,SYN-00144,East,Consumer,43.19,0,0.0611,Low
2024-09-01,SYN-00264,Central,Consumer,39.97,0,0.0611,Low
2024-09-01,SYN-00082,Central,Consumer,87.18,0,0.061,Low
2024-12-01,SYN-00160,West,Consumer,42.39,0,0.0609,Low
2024-12-01,SYN-00301,West,Small Business,50.58,0,0.0608,Low
2024-07-01,SYN-00499,Central,Commercial,300.57,0,0.0608,Low
2024-09-01,SYN-00497,Central,Consumer,55.5,0,0.0608,Low
2024-09-01,SYN-00245,East,Consumer,140.5,0,0.0607,Low
2024-11-01,SYN-00321,West,Consumer,151.29,0,0.0605,Low
2024-08-01,SYN-00436,Central,Consumer,52.09,0,0.0603,Low
2024-10-01,SYN-00054,East,Small Business,137.28,0,0.0603,Low
2024-09-01,SYN-00368,East,Small Business,99.64,0,0.0603,Low
2024-08-01,SYN-00439,West,Small Business,150.82,0,0.0602,Low
2024-08-01,SYN-00156,East,Consumer,115.15,0,0.0602,Low
2024-10-01,SYN-00201,West,Consumer,101.45,0,0.06,Low
2024-10-01,SYN-00486,Central,Commercial,250.48,0,0.0598,Low
2024-09-01,SYN-00174,West,Small Business,66.98,0,0.0597,Low
2024-12-01,SYN-00211,East,Commercial,256.87,0,0.0597,Low
2024-07-01,SYN-00209,Central,Consumer,64.5,0,0.0597,Low
2024-10-01,SYN-00267,Central,Consumer,66.91,0,0.0597,Low
2024-07-01,SYN-00484,Central,Consumer,205.44,0,0.0596,Low
2024-12-01,SYN-00344,East,Consumer,113.35,0,0.0594,Low
2024-09-01,SYN-00316,Central,Small Business,140.93,0,0.0592,Low
2024-12-01,SYN-00147,Central,Consumer,43.5,0,0.059,Low
2024-08-01,SYN-00138,East,Small Business,123.85,0,0.059,Low
2024-09-01,SYN-00141,East,Small Business,235.75,0,0.059,Low
2024-08-01,SYN-00142,East,Small Business,128.56,0,0.0588,Low
2024-11-01,SYN-00004,East,Consumer,39.74,0,0.0588,Low
2024-12-01,SYN-00245,East,Consumer,149.98,0,0.0587,Low
2024-09-01,SYN-00224,West,Commercial,62.7,0,0.0584,Low
2024-10-01,SYN-00258,Central,Commercial,333.73,0,0.0584,Low
2024-10-01,SYN-00298,West,Consumer,64.3,0,0.0584,Low
2024-07-01,SYN-00467,East,Commercial,106.09,0,0.0584,Low
2024-09-01,SYN-00159,East,Consumer,55.84,0,0.0582,Low
2024-12-01,SYN-00306,East,Consumer,38.23,0,0.0581,Low
2024-12-01,SYN-00343,West,Consumer,47.25,0,0.0581,Low
2024-08-01,SYN-00266,Central,Consumer,66.12,1,0.0581,Low
2024-07-01,SYN-00461,East,Consumer,71.16,0,0.058,Low
2024-08-01,SYN-00168,West,Commercial,57.71,0,0.0579,Low
2024-07-01,SYN-00207,Central,Small Business,117.0,0,0.0578,Low
2024-10-01,SYN-00095,Central,Consumer,29.88,0,0.0578,Low
2024-12-01,SYN-00248,Central,Consumer,49.14,0,0.0578,Low
2024-10-01,SYN-00375,Central,Small Business,75.85,0,0.0578,Low
2024-12-01,SYN-00198,West,Consumer,237.36,0,0.0578,Low
2024-12-01,SYN-00091,Central,Commercial,201.62,0,0.0577,Low
2024-08-01,SYN-00223,East,Consumer,47.06,0,0.0576,Low
2024-10-01,SYN-00416,Central,Commercial,343.25,0,0.0576,Low
2024-11-01,SYN-00076,Central,Consumer,101.6,0,0.0576,Low
2024-07-01,SYN-00350,Central,Commercial,140.0,0,0.0575,Low
2024-08-01,SYN-00484,Central,Consumer,182.58,0,0.0574,Low
2024-07-01,SYN-00479,East,Consumer,52.1,0,0.0574,Low
2024-09-01,SYN-00101,West,Consumer,83.04,0,0.0574,Low
2024-11-01,SYN-00067,East,Small Business,184.82,0,0.0574,Low
2024-08-01,SYN-00285,East,Commercial,332.19,0,0.0573,Low
2024-12-01,SYN-00157,Central,Small Business,59.45,0,0.0573,Low
2024-08-01,SYN-00061,East,Consumer,53.79,0,0.0573,Low
2024-12-01,SYN-00493,East,Small Business,95.58,0,0.0573,Low
2024-08-01,SYN-00492,East,Small Business,266.57,0,0.0572,Low
2024-09-01,SYN-00271,Central,Consumer,91.25,0,0.0571,Low
2024-08-01,SYN-00330,Central,Consumer,60.81,0,0.057,Low
2024-09-01,SYN-00243,Central,Small Business,340.17,0,0.0569,Low
2024-12-01,SYN-00251,East,Consumer,95.66,0,0.0567,Low
2024-07-01,SYN-00348,Central,Small Business,127.85,0,0.0567,Low
2024-09-01,SYN-00197,East,Small Business,113.05,0,0.0566,Low
2024-08-01,SYN-00315,Central,Consumer,31.81,0,0.0566,Low
2024-11-01,SYN-00210,East,Consumer,117.5,0,0.0566,Low
2024-07-01,SYN-00268,Central,Consumer,84.93,0,0.0562,Low
2024-08-01,SYN-00258,Central,Commercial,326.55,0,0.0562,Low
2024-10-01,SYN-00303,East,Small Business,77.02,0,0.0562,Low
2024-08-01,SYN-00144,East,Consumer,48.94,0,0.0562,Low
2024-11-01,SYN-00389,Central,Consumer,121.41,0,0.0562,Low
2024-09-01,SYN-00097,Central,Small Business,77.2,0,0.0561,Low
2024-11-01,SYN-00216,West,Consumer,103.35,0,0.0559,Low
2024-08-01,SYN-00182,West,Consumer,154.82,0,0.0559,Low
2024-10-01,SYN-00489,East,Consumer,69.49,0,0.0559,Low
2024-12-01,SYN-00117,West,Small Business,65.32,0,0.0558,Low
2024-08-01,SYN-00385,Central,Consumer,121.47,0,0.0556,Low
2024-09-01,SYN-00305,West,Consumer,60.41,0,0.0554,Low
2024-08-01,SYN-00178,West,Consumer,140.55,0,0.0554,Low
2024-07-01,SYN-00301,West,Small Business,56.93,0,0.0553,Low
2024-08-01,SYN-00166,Central,Small Business,201.96,0,0.0553,Low
2024-10-01,SYN-00230,Central,Consumer,114.01,0,0.0552,Low
2024-11-01,SYN-00489,East,Consumer,69.13,0,0.0552,Low
2024-11-01,SYN-00121,East,Small Business,131.85,0,0.0552,Low
2024-11-01,SYN-00449,Central,Small Business,119.32,0,0.0551,Low
2024-10-01,SYN-00466,East,Consumer,52.34,0,0.055,Low
2024-09-01,SYN-00032,West,Small Business,138.21,0,0.055,Low
2024-11-01,SYN-00304,East,Consumer,138.11,0,0.0549,Low
2024-08-01,SYN-00049,East,Small Business,171.4,0,0.0547,Low
2024-10-01,SYN-00104,West,Small Business,146.12,0,0.0547,Low
2024-07-01,SYN-00320,West,Consumer,43.84,0,0.0547,Low
2024-11-01,SYN-00198,West,Consumer,233.91,0,0.0546,Low
2024-12-01,SYN-00466,East,Consumer,61.62,0,0.0546,Low
2024-09-01,SYN-00021,West,Small Business,136.34,0,0.0546,Low
2024-07-01,SYN-00405,West,Commercial,227.35,0,0.0545,Low
2024-11-01,SYN-00166,Central,Small Business,258.21,0,0.0545,Low
2024-12-01,SYN-00138,East,Small Business,129.68,0,0.0545,Low
2024-09-01,SYN-00345,West,Consumer,77.22,0,0.0544,Low
2024-12-01,SYN-00486,Central,Commercial,215.41,0,0.0542,Low
2024-08-01,SYN-00355,East,Consumer,92.65,0,0.0542,Low
2024-10-01,SYN-00471,Central,Consumer,50.55,0,0.0541,Low
2024-10-01,SYN-00376,Central,Small Business,103.9,0,0.0541,Low
2024-12-01,SYN-00392,Central,Commercial,484.08,0,0.0541,Low
2024-11-01,SYN-00050,Central,Consumer,44.35,0,0.054,Low
2024-11-01,SYN-00362,Central,Small Business,53.12,0,0.054,Low
2024-10-01,SYN-00363,Central,Small Business,102.32,0,0.0539,Low
2024-10-01,SYN-00388,West,Consumer,101.55,0,0.0537,Low
2024-12-01,SYN-00281,Central,Consumer,55.54,0,0.0537,Low
2024-11-01,SYN-00056,West,Consumer,84.84,0,0.0536,Low
2024-12-01,SYN-00460,East,Consumer,57.35,0,0.0535,Low
2024-08-01,SYN-00458,East,Consumer,43.39,0,0.0535,Low
2024-11-01,SYN-00422,Central,Small Business,167.31,0,0.0534,Low
2024-11-01,SYN-00008,West,Small Business,184.24,0,0.0533,Low
2024-09-01,SYN-00249,Central,Small Business,72.5,0,0.0533,Low
2024-08-01,SYN-00234,East,Consumer,126.38,0,0.0532,Low
2024-09-01,SYN-00016,Central,Consumer,87.01,0,0.0531,Low
2024-09-01,SYN-00085,Central,Small Business,75.25,0,0.053,Low
2024-08-01,SYN-00130,East,Small Business,97.52,0,0.053,Low
2024-11-01,SYN-00379,Central,Consumer,63.69,0,0.0527,Low
2024-11-01,SYN-00148,East,Consumer,123.09,0,0.0527,Low
2024-11-01,SYN-00345,West,Consumer,76.53,0,0.0527,Low
2024-08-01,SYN-00159,East,Consumer,71.3,0,0.0526,Low
2024-11-01,SYN-00099,Central,Commercial,192.65,0,0.0525,Low
2024-07-01,SYN-00197,East,Small Business,96.57,0,0.0525,Low
2024-12-01,SYN-00234,East,Consumer,107.38,0,0.0523,Low
2024-10-01,SYN-00465,East,Commercial,141.14,0,0.0523,Low
2024-08-01,SYN-00456,Central,Small Business,95.62,0,0.0522,Low
2024-08-01,SYN-00348,Central,Small Business,113.77,0,0.0522,Low
2024-08-01,SYN-00150,Central,Consumer,95.1,0,0.0521,Low
2024-12-01,SYN-00227,Central,Consumer,53.44,0,0.0521,Low
2024-08-01,SYN-00467,East,Commercial,106.54,0,0.0521,Low
2024-11-01,SYN-00313,Central,Commercial,377.52,0,0.0521,Low
2024-10-01,SYN-00035,East,Consumer,55.0,0,0.052,Low
2024-12-01,SYN-00337,Central,Small Business,56.55,0,0.0519,Low
2024-12-01,SYN-00288,Central,Consumer,52.33,0,0.0519,Low
2024-11-01,SYN-00300,East,Small Business,53.92,0,0.0519,Low
2024-09-01,SYN-00233,West,Consumer,174.4,0,0.0519,Low
2024-07-01,SYN-00014,West,Consumer,58.18,0,0.0519,Low
2024-11-01,SYN-00499,Central,Commercial,265.04,0,0.0519,Low
2024-09-01,SYN-00054,East,Small Business,118.89,0,0.0518,Low
2024-09-01,SYN-00423,Central,Consumer,35.91,0,0.0518,Low
2024-09-01,SYN-00108,Central,Consumer,59.76,0,0.0517,Low
2024-10-01,SYN-00159,East,Consumer,72.73,0,0.0516,Low
2024-10-01,SYN-00409,Central,Consumer,80.35,0,0.0516,Low
2024-12-01,SYN-00114,East,Commercial,106.02,0,0.0515,Low
2024-11-01,SYN-00289,East,Small Business,186.17,0,0.0515,Low
2024-12-01,SYN-00034,Central,Consumer,37.73,0,0.0514,Low
2024-10-01,SYN-00004,East,Consumer,33.97,0,0.0514,Low
2024-11-01,SYN-00377,West,Consumer,39.4,0,0.0513,Low
2024-09-01,SYN-00455,Central,Commercial,245.23,0,0.0513,Low
2024-09-01,SYN-00328,East,Consumer,86.31,0,0.0512,Low
2024-08-01,SYN-00347,West,Consumer,59.94,0,0.0512,Low
2024-09-01,SYN-00214,West,Small Business,143.46,0,0.0511,Low
2024-07-01,SYN-00120,East,Consumer,83.98,0,0.051,Low
2024-09-01,SYN-00456,Central,Small Business,88.62,0,0.051,Low
2024-07-01,SYN-00318,East,Consumer,68.15,0,0.0509,Low
2024-09-01,SYN-00262,West,Consumer,69.16,0,0.0509,Low
2024-07-01,SYN-00083,West,Consumer,38.63,0,0.0509,Low
2024-08-01,SYN-00497,Central,Consumer,53.5,0,0.0508,Low
2024-07-01,SYN-00366,Central,Small Business,132.68,0,0.0507,Low
2024-09-01,SYN-00482,Central,Small Business,151.3,0,0.0506,Low
2024-07-01,SYN-00123,Central,Commercial,262.81,0,0.0506,Low
2024-07-01,SYN-00442,Central,Small Business,53.45,0,0.0506,Low
2024-08-01,SYN-00402,West,Consumer,95.66,0,0.0505,Low
2024-11-01,SYN-00159,East,Consumer,71.06,0,0.0505,Low
2024-08-01,SYN-00434,West,Small Business,187.93,0,0.0504,Low
2024-09-01,SYN-00258,Central,Commercial,314.6,0,0.0503,Low
2024-11-01,SYN-00192,Central,Small Business,131.09,0,0.0503,Low
2024-08-01,SYN-00457,West,Small Business,113.44,0,0.0503,Low
2024-10-01,SYN-00183,East,Consumer,75.64,0,0.0502,Low
2024-10-01,SYN-00430,West,Small Business,158.2,0,0.05,Low
2024-10-01,SYN-00041,Central,Commercial,155.38,0,0.0499,Low
2024-07-01,SYN-00009,Central,Consumer,87.73,0,0.0499,Low
2024-07-01,SYN-00039,Central,Consumer,53.81,0,0.0499,Low
2024-08-01,SYN-00079,East,Small Business,92.49,0,0.0498,Low
2024-07-01,SYN-00449,Central,Small Business,112.09,0,0.0497,Low
2024-07-01,SYN-00020,East,Small Business,114.05,0,0.0497,Low
2024-12-01,SYN-00474,Central,Small Business,122.35,0,0.0496,Low
2024-07-01,SYN-00259,Central,Consumer,82.84,0,0.0495,Low
2024-11-01,SYN-00414,West,Commercial,428.42,0,0.0495,Low
2024-12-01,SYN-00367,West,Small Business,174.44,0,0.0495,Low
2024-07-01,SYN-00158,East,Consumer,82.35,0,0.0494,Low
2024-07-01,SYN-00436,Central,Consumer,48.89,0,0.0493,Low
2024-08-01,SYN-00332,Central,Consumer,54.5,0,0.0492,Low
2024-12-01,SYN-00441,West,Consumer,56.41,0,0.0492,Low
2024-09-01,SYN-00442,Central,Small Business,49.01,0,0.0491,Low
2024-10-01,SYN-00338,East,Commercial,162.93,0,0.0491,Low
2024-08-01,SYN-00162,West,Small Business,159.62,0,0.0491,Low
2024-11-01,SYN-00120,East,Consumer,71.18,0,0.049,Low
2024-11-01,SYN-00479,East,Consumer,43.65,0,0.049,Low
2024-11-01,SYN-00075,Central,Small Business,325.55,0,0.049,Low
2024-11-01,SYN-00371,West,Small Business,92.96,0,0.0488,Low
2024-07-01,SYN-00422,Central,Small Business,187.24,0,0.0487,Low
2024-09-01,SYN-00301,West,Small Business,61.15,0,0.0485,Low
2024-11-01,SYN-00228,East,Consumer,108.29,0,0.0485,Low
2024-08-01,SYN-00198,West,Consumer,200.49,0,0.0484,Low
2024-11-01,SYN-00164,Central,Consumer,70.76,0,0.0484,Low
2024-12-01,SYN-00021,West,Small Business,123.91,0,0.0483,Low
2024-10-01,SYN-00379,Central,Consumer,60.7,0,0.0483,Low
2024-11-01,SYN-00058,East,Consumer,135.66,0,0.0482,Low
2024-11-01,SYN-00475,Central,Consumer,52.97,0,0.0482,Low
2024-09-01,SYN-00166,Central,Small Business,231.45,0,0.0481,Low
2024-07-01,SYN-00220,Central,Commercial,104.12,0,0.0479,Low
2024-12-01,SYN-00169,Central,Consumer,67.07,0,0.0477,Low
2024-09-01,SYN-00356,East,Consumer,40.22,0,0.0476,Low
2024-12-01,SYN-00182,West,Consumer,147.55,0,0.0476,Low
2024-12-01,SYN-00167,West,Small Business,197.67,0,0.0475,Low
2024-12-01,SYN-00396,East,Small Business,95.54,0,0.0474,Low
2024-10-01,SYN-00192,Central,Small Business,116.03,0,0.0474,Low
2024-12-01,SYN-00481,Central,Commercial,124.65,0,0.0473,Low
2024-09-01,SYN-00460,East,Consumer,67.55,0,0.0473,Low
2024-11-01,SYN-00261,Central,Small Business,83.17,0,0.0472,Low
2024-09-01,SYN-00037,Central,Consumer,112.89,0,0.0471,Low
2024-12-01,SYN-00151,West,Consumer,48.93,0,0.047,Low
2024-09-01,SYN-00288,Central,Consumer,53.08,0,0.047,Low
2024-10-01,SYN-00158,East,Consumer,87.22,0,0.047,Low
2024-10-01,SYN-00402,West,Consumer,85.98,0,0.0468,Low
2024-12-01,SYN-00282,Central,Small Business,88.61,0,0.0468,Low
2024-11-01,SYN-00059,Central,Consumer,62.35,0,0.0468,Low
2024-09-01,SYN-00310,Central,Commercial,183.88,0,0.0468,Low
2024-11-01,SYN-00492,East,Small Business,274.95,0,0.0468,Low
2024-09-01,SYN-00491,East,Consumer,70.7,0,0.0466,Low
2024-12-01,SYN-00499,Central,Commercial,290.9,0,0.0466,Low
2024-07-01,SYN-00024,West,Consumer,79.22,0,0.0463,Low
2024-10-01,SYN-00283,Central,Consumer,72.71,0,0.0463,Low
2024-11-01,SYN-00303,East,Small Business,72.13,0,0.0463,Low
2024-12-01,SYN-00240,Central,Consumer,58.71,0,0.0461,Low
2024-10-01,SYN-00084,Central,Consumer,45.94,0,0.0461,Low
2024-09-01,SYN-00064,West,Consumer,158.48,0,0.0461,Low
2024-07-01,SYN-00263,Central,Consumer,192.02,0,0.046,Low
2024-08-01,SYN-00006,West,Small Business,173.92,0,0.046,Low
2024-07-01,SYN-00388,West,Consumer,117.45,0,0.046,Low
2024-11-01,SYN-00403,West,Consumer,244.32,0,0.0459,Low
2024-08-01,SYN-00054,East,Small Business,131.47,0,0.0458,Low
2024-09-01,SYN-00487,East,Consumer,51.53,0,0.0457,Low
2024-09-01,SYN-00184,Central,Consumer,54.71,0,0.0456,Low
2024-08-01,SYN-00181,West,Consumer,42.67,0,0.0456,Low
2024-12-01,SYN-00213,Central,Small Business,167.27,0,0.0455,Low
2024-08-01,SYN-00241,West,Consumer,127.24,0,0.0454,Low
2024-09-01,SYN-00272,Central,Consumer,55.48,0,0.0453,Low
2024-07-01,SYN-00211,East,Commercial,261.68,0,0.0452,Low
2024-11-01,SYN-00178,West,Consumer,132.06,0,0.0451,Low
2024-09-01,SYN-00100,West,Consumer,74.59,0,0.0451,Low
2024-11-01,SYN-00044,Central,Commercial,205.61,0,0.0451,Low
2024-11-01,SYN-00240,Central,Consumer,57.08,0,0.0449,Low
2024-09-01,SYN-00151,West,Consumer,53.47,0,0.0449,Low
2024-07-01,SYN-00203,East,Consumer,193.84,0,0.0448,Low
2024-11-01,SYN-00033,Central,Consumer,53.94,0,0.0446,Low
2024-08-01,SYN-00480,Central,Consumer,53.36,0,0.0446,Low
2024-11-01,SYN-00108,Central,Consumer,49.81,0,0.0446,Low
2024-07-01,SYN-00186,East,Consumer,43.46,0,0.0446,Low
2024-08-01,SYN-00176,Central,Consumer,51.2,0,0.0446,Low
2024-12-01,SYN-00070,Central,Consumer,108.46,0,0.0446,Low
2024-07-01,SYN-00306,East,Consumer,42.64,0,0.0445,Low
2024-07-01,SYN-00327,West,Consumer,61.22,0,0.0445,Low
2024-09-01,SYN-00457,West,Small Business,129.87,0,0.0444,Low
2024-09-01,SYN-00276,Central,Small Business,112.8,0,0.0444,Low
2024-09-01,SYN-00392,Central,Commercial,428.09,0,0.0443,Low
2024-12-01,SYN-00224,West,Commercial,71.05,0,0.0443,Low
2024-11-01,SYN-00348,Central,Small Business,135.09,0,0.0443,Low
2024-11-01,SYN-00255,Central,Small Business,56.36,0,0.0442,Low
2024-12-01,SYN-00467,East,Commercial,98.44,0,0.0442,Low
2024-11-01,SYN-00132,West,Small Business,363.3,0,0.0442,Low
2024-12-01,SYN-00428,West,Small Business,129.24,0,0.0439,Low
2024-08-01,SYN-00470,East,Consumer,119.82,0,0.0439,Low
2024-08-01,SYN-00499,Central,Commercial,269.03,0,0.0438,Low
2024-11-01,SYN-00081,East,Consumer,78.13,0,0.0438,Low
2024-09-01,SYN-00056,West,Consumer,91.56,0,0.0438,Low
2024-07-01,SYN-00126,East,Consumer,66.23,0,0.0438,Low
2024-08-01,SYN-00231,Central,Consumer,69.33,0,0.0438,Low
2024-07-01,SYN-00292,Central,Consumer,80.94,0,0.0436,Low
2024-07-01,SYN-00015,Central,Consumer,110.09,0,0.0436,Low
2024-12-01,SYN-00035,East,Consumer,66.82,0,0.0436,Low
2024-08-01,SYN-00279,West,Small Business,88.45,0,0.0436,Low
2024-08-01,SYN-00190,Central,Consumer,52.56,0,0.0435,Low
2024-10-01,SYN-00494,Central,Consumer,55.78,0,0.0435,Low
2024-07-01,SYN-00314,Central,Consumer,73.84,0,0.0434,Low
2024-07-01,SYN-00451,Central,Consumer,120.36,0,0.0434,Low
2024-11-01,SYN-00482,Central,Small Business,147.86,0,0.0433,Low
2024-08-01,SYN-00329,East,Small Business,103.9,0,0.0433,Low
2024-08-01,SYN-00063,East,Small Business,93.73,0,0.0432,Low
2024-10-01,SYN-00435,Central,Small Business,120.33,0,0.0432,Low
2024-10-01,SYN-00476,Central,Consumer,73.16,0,0.0431,Low
2024-10-01,SYN-00208,East,Small Business,107.7,0,0.0431,Low
2024-11-01,SYN-00114,East,Commercial,98.64,0,0.043,Low
2024-11-01,SYN-00052,Central,Consumer,48.17,0,0.043,Low
2024-09-01,SYN-00415,Central,Commercial,240.31,0,0.0429,Low
2024-12-01,SYN-00184,Central,Consumer,51.68,0,0.0428,Low
2024-11-01,SYN-00048,Central,Consumer,61.84,0,0.0428,Low
2024-10-01,SYN-00174,West,Small Business,68.03,0,0.0428,Low
2024-10-01,SYN-00145,East,Consumer,49.57,0,0.0428,Low
2024-11-01,SYN-00061,East,Consumer,66.0,0,0.0427,Low
2024-11-01,SYN-00325,West,Small Business,76.01,0,0.0427,Low
2024-08-01,SYN-00105,West,Commercial,121.55,0,0.0426,Low
2024-10-01,SYN-00265,West,Small Business,73.21,0,0.0426,Low
2024-08-01,SYN-00093,Central,Consumer,40.99,0,0.0425,Low
2024-09-01,SYN-00478,East,Consumer,34.0,0,0.0424,Low
2024-07-01,SYN-00270,Central,Consumer,104.46,0,0.0422,Low
2024-09-01,SYN-00075,Central,Small Business,275.89,0,0.0421,Low
2024-10-01,SYN-00455,Central,Commercial,259.74,0,0.042,Low
2024-12-01,SYN-00290,Central,Consumer,69.77,0,0.042,Low
2024-11-01,SYN-00172,East,Consumer,58.04,0,0.042,Low
2024-09-01,SYN-00344,East,Consumer,92.17,0,0.0419,Low
2024-10-01,SYN-00322,East,Consumer,47.95,0,0.0419,Low
2024-10-01,SYN-00073,West,Consumer,37.12,0,0.0419,Low
2024-12-01,SYN-00410,West,Consumer,105.77,0,0.0418,Low
2024-07-01,SYN-00410,West,Consumer,128.39,0,0.0417,Low
2024-08-01,SYN-00203,East,Consumer,190.69,0,0.0417,Low
2024-09-01,SYN-00158,East,Consumer,86.22,0,0.0416,Low
2024-11-01,SYN-00268,Central,Consumer,81.77,0,0.0416,Low
2024-09-01,SYN-00385,Central,Consumer,153.04,0,0.0415,Low
2024-09-01,SYN-00160,West,Consumer,36.68,0,0.0414,Low
2024-12-01,SYN-00158,East,Consumer,79.99,0,0.0413,Low
2024-10-01,SYN-00374,Central,Consumer,86.17,0,0.0412,Low
2024-10-01,SYN-00212,East,Consumer,45.87,0,0.0412,Low
2024-10-01,SYN-00070,Central,Consumer,92.52,0,0.041,Low
2024-07-01,SYN-00463,West,Consumer,99.74,0,0.0409,Low
2024-08-01,SYN-00253,East,Consumer,42.91,0,0.0409,Low
2024-12-01,SYN-00438,East,Consumer,111.15,0,0.0409,Low
2024-11-01,SYN-00367,West,Small Business,174.39,0,0.0409,Low
2024-08-01,SYN-00188,Central,Commercial,228.04,0,0.0409,Low
2024-10-01,SYN-00347,West,Consumer,54.37,0,0.0408,Low
2024-10-01,SYN-00304,East,Consumer,156.87,0,0.0407,Low
2024-12-01,SYN-00110,West,Consumer,39.43,0,0.0407,Low
2024-12-01,SYN-00299,West,Small Business,149.53,0,0.0406,Low
2024-10-01,SYN-00493,East,Small Business,96.08,0,0.0406,Low
2024-11-01,SYN-00043,East,Small Business,162.27,0,0.0406,Low
2024-10-01,SYN-00195,Central,Small Business,87.73,0,0.0405,Low
2024-10-01,SYN-00385,Central,Consumer,125.63,0,0.0403,Low
2024-11-01,SYN-00272,Central,Consumer,45.09,0,0.0403,Low
2024-09-01,SYN-00122,East,Consumer,165.87,0,0.0403,Low
2024-11-01,SYN-00291,West,Consumer,58.59,0,0.0402,Low
2024-12-01,SYN-00043,East,Small Business,168.56,0,0.0402,Low
2024-09-01,SYN-00259,Central,Consumer,70.97,0,0.0402,Low
2024-12-01,SYN-00081,East,Consumer,66.59,0,0.0402,Low
2024-12-01,SYN-00068,Central,Consumer,33.67,0,0.0402,Low
2024-09-01,SYN-00204,Central,Small Business,168.77,0,0.0401,Low
2024-09-01,SYN-00029,Central,Small Business,271.04,0,0.0401,Low
2024-12-01,SYN-00348,Central,Small Business,117.49,0,0.0401,Low
2024-11-01,SYN-00105,West,Commercial,114.52,0,0.0401,Low
2024-10-01,SYN-00214,West,Small Business,164.94,0,0.0401,Low
2024-11-01,SYN-00190,Central,Consumer,54.84,0,0.0399,Low
2024-09-01,SYN-00150,Central,Consumer,102.72,0,0.0398,Low
2024-11-01,SYN-00107,Central,Small Business,89.12,0,0.0397,Low
2024-10-01,SYN-00067,East,Small Business,206.94,0,0.0397,Low
2024-08-01,SYN-00167,West,Small Business,184.2,0,0.0397,Low
2024-12-01,SYN-00046,West,Consumer,49.96,0,0.0395,Low
2024-09-01,SYN-00077,Central,Small Business,101.45,0,0.0394,Low
2024-09-01,SYN-00026,Central,Consumer,117.92,0,0.0394,Low
2024-08-01,SYN-00046,West,Consumer,49.61,0,0.0393,Low
2024-07-01,SYN-00364,Central,Consumer,94.2,0,0.0393,Low
2024-11-01,SYN-00390,West,Small Business,53.05,0,0.0393,Low
2024-08-01,SYN-00468,West,Consumer,51.26,0,0.0393,Low
2024-09-01,SYN-00164,Central,Consumer,70.88,0,0.0393,Low
2024-11-01,SYN-00193,Central,Consumer,93.4,0,0.0392,Low
2024-07-01,SYN-00112,Central,Consumer,128.0,0,0.0392,Low
2024-08-01,SYN-00029,Central,Small Business,286.43,0,0.0391,Low
2024-09-01,SYN-00117,West,Small Business,70.52,0,0.0391,Low
2024-07-01,SYN-00286,Central,Consumer,57.96,0,0.0389,Low
2024-08-01,SYN-00290,Central,Consumer,73.35,0,0.0389,Low
2024-12-01,SYN-00451,Central,Consumer,110.79,0,0.0388,Low
2024-08-01,SYN-00042,West,Consumer,54.62,0,0.0387,Low
2024-11-01,SYN-00318,East,Consumer,72.7,0,0.0387,Low
2024-11-01,SYN-00104,West,Small Business,130.38,0,0.0385,Low
2024-08-01,SYN-00396,East,Small Business,98.93,0,0.0384,Low
2024-07-01,SYN-00029,Central,Small Business,289.13,0,0.0383,Low
2024-09-01,SYN-00450,East,Consumer,152.95,0,0.0381,Low
2024-10-01,SYN-00325,West,Small Business,53.85,0,0.0381,Low
2024-12-01,SYN-00121,East,Small Business,135.43,0,0.038,Low
2024-07-01,SYN-00379,Central,Consumer,73.63,0,0.038,Low
2024-10-01,SYN-00144,East,Consumer,45.96,0,0.038,Low
2024-11-01,SYN-00368,East,Small Business,113.72,0,0.0379,Low
2024-09-01,SYN-00114,East,Commercial,89.62,0,0.0379,Low
2024-08-01,SYN-00371,West,Small Business,98.79,0,0.0379,Low
2024-07-01,SYN-00349,East,Consumer,52.33,0,0.0378,Low
2024-10-01,SYN-00064,West,Consumer,145.94,0,0.0378,Low
2024-11-01,SYN-00234,East,Consumer,118.36,0,0.0377,Low
2024-12-01,SYN-00317,Central,Small Business,144.88,0,0.0376,Low
2024-09-01,SYN-00313,Central,Commercial,353.06,0,0.0376,Low
2024-12-01,SYN-00292,Central,Consumer,81.93,0,0.0376,Low
2024-12-01,SYN-00345,West,Consumer,84.77,0,0.0375,Low
2024-10-01,SYN-00118,East,Consumer,35.72,0,0.0374,Low
2024-12-01,SYN-00207,Central,Small Business,124.81,0,0.0374,Low
2024-12-01,SYN-00352,Central,Consumer,52.05,0,0.0373,Low
2024-09-01,SYN-00281,Central,Consumer,50.16,0,0.0372,Low
2024-07-01,SYN-00390,West,Small Business,59.23,0,0.0372,Low
2024-07-01,SYN-00328,East,Consumer,104.32,0,0.0371,Low
2024-12-01,SYN-00448,East,Small Business,72.15,0,0.0371,Low
2024-09-01,SYN-00169,Central,Consumer,51.1,0,0.0371,Low
2024-11-01,SYN-00483,East,Small Business,104.26,0,0.0371,Low
2024-07-01,SYN-00443,West,Consumer,103.7,0,0.0371,Low
2024-12-01,SYN-00286,Central,Consumer,60.18,0,0.0371,Low
2024-10-01,SYN-00112,Central,Consumer,109.21,0,0.0371,Low
2024-09-01,SYN-00248,Central,Consumer,46.55,0,0.0371,Low
2024-09-01,SYN-00424,Central,Consumer,114.04,0,0.037,Low
2024-12-01,SYN-00276,Central,Small Business,112.7,0,0.037,Low
2024-11-01,SYN-00157,Central,Small Business,59.05,0,0.037,Low
2024-08-01,SYN-00112,Central,Consumer,110.08,0,0.0368,Low
2024-09-01,SYN-00418,West,Consumer,62.12,0,0.0368,Low
2024-09-01,SYN-00338,East,Commercial,161.74,0,0.0367,Low
2024-12-01,SYN-00060,Central,Consumer,97.66,0,0.0367,Low
2024-11-01,SYN-00253,East,Consumer,45.82,0,0.0366,Low
2024-08-01,SYN-00246,West,Consumer,85.37,0,0.0363,Low
2024-08-01,SYN-00123,Central,Commercial,278.88,0,0.0362,Low
2024-08-01,SYN-00202,West,Consumer,60.02,0,0.0361,Low
2024-12-01,SYN-00368,East,Small Business,97.02,0,0.0361,Low
2024-11-01,SYN-00065,East,Consumer,63.33,0,0.036,Low
2024-07-01,SYN-00474,Central,Small Business,133.82,0,0.0359,Low
2024-09-01,SYN-00049,East,Small Business,163.85,0,0.0359,Low
2024-07-01,SYN-00237,East,Consumer,65.05,0,0.0359,Low
2024-07-01,SYN-00243,Central,Small Business,376.56,0,0.0359,Low
2024-12-01,SYN-00175,Central,Consumer,64.54,0,0.0359,Low
2024-07-01,SYN-00482,Central,Small Business,157.39,0,0.0358,Low
2024-09-01,SYN-00327,West,Consumer,60.5,0,0.0358,Low
2024-11-01,SYN-00257,West,Consumer,61.92,0,0.0358,Low
2024-10-01,SYN-00299,West,Small Business,153.53,0,0.0357,Low
2024-10-01,SYN-00439,West,Small Business,152.38,0,0.0356,Low
2024-08-01,SYN-00214,West,Small Business,154.79,0,0.0356,Low
2024-12-01,SYN-00221,Central,Consumer,84.52,0,0.0356,Low
2024-08-01,SYN-00364,Central,Consumer,114.39,0,0.0355,Low
2024-11-01,SYN-00090,East,Consumer,76.75,0,0.0355,Low
2024-10-01,SYN-00425,East,Consumer,68.61,0,0.0354,Low
2024-12-01,SYN-00295,West,Consumer,124.45,0,0.0354,Low
2024-11-01,SYN-00259,Central,Consumer,56.84,0,0.0352,Low
2024-09-01,SYN-00451,Central,Consumer,118.72,0,0.0352,Low
2024-08-01,SYN-00263,Central,Consumer,169.14,0,0.0351,Low
2024-12-01,SYN-00192,Central,Small Business,160.69,0,0.0351,Low
2024-07-01,SYN-00153,Central,Consumer,45.71,0,0.0351,Low
2024-08-01,SYN-00415,Central,Commercial,236.35,0,0.0351,Low
2024-07-01,SYN-00050,Central,Consumer,64.49,0,0.035,Low
2024-10-01,SYN-00342,West,Small Business,61.04,0,0.035,Low
2024-08-01,SYN-00305,West,Consumer,55.79,0,0.0349,Low
2024-08-01,SYN-00317,Central,Small Business,159.73,0,0.0348,Low
2024-09-01,SYN-00400,Central,Consumer,67.93,0,0.0348,Low
2024-09-01,SYN-00187,Central,Consumer,103.59,0,0.0348,Low
2024-08-01,SYN-00388,West,Consumer,117.93,0,0.0347,Low
2024-07-01,SYN-00045,West,Consumer,159.58,0,0.0346,Low
2024-11-01,SYN-00336,East,Consumer,83.5,0,0.0346,Low
2024-11-01,SYN-00045,West,Consumer,147.5,0,0.0346,Low
2024-09-01,SYN-00354,East,Small Business,125.08,0,0.0346,Low
2024-09-01,SYN-00096,East,Consumer,51.88,0,0.0345,Low
2024-09-01,SYN-00448,East,Small Business,54.23,0,0.0345,Low
2024-07-01,SYN-00322,East,Consumer,69.6,0,0.0344,Low
2024-10-01,SYN-00323,Central,Consumer,85.79,0,0.0344,Low
2024-11-01,SYN-00205,Central,Consumer,103.16,0,0.0342,Low
2024-10-01,SYN-00204,Central,Small Business,164.2,0,0.0342,Low
2024-11-01,SYN-00038,East,Consumer,149.14,0,0.0341,Low
2024-10-01,SYN-00441,West,Consumer,46.63,0,0.0341,Low
2024-12-01,SYN-00471,Central,Consumer,53.97,0,0.0341,Low
2024-08-01,SYN-00369,Central,Consumer,77.5,0,0.0341,Low
2024-09-01,SYN-00375,Central,Small Business,78.56,0,0.0341,Low
2024-12-01,SYN-00012,West,Small Business,132.36,0,0.034,Low
2024-07-01,SYN-00169,Central,Consumer,57.65,0,0.034,Low
2024-07-01,SYN-00101,West,Consumer,105.24,0,0.0339,Low
2024-07-01,SYN-00272,Central,Consumer,57.68,0,0.0338,Low
2024-11-01,SYN-00354,East,Small Business,119.16,0,0.0337,Low
2024-12-01,SYN-00022,Central,Consumer,59.33,0,0.0337,Low
2024-11-01,SYN-00167,West,Small Business,173.06,0,0.0336,Low
2024-12-01,SYN-00088,East,Consumer,33.5,0,0.0336,Low
2024-11-01,SYN-00439,West,Small Business,156.11,0,0.0335,Low
2024-10-01,SYN-00313,Central,Commercial,355.17,0,0.0335,Low
2024-07-01,SYN-00316,Central,Small Business,153.8,0,0.0334,Low
2024-10-01,SYN-00094,Central,Consumer,102.39,0,0.0334,Low
2024-10-01,SYN-00202,West,Consumer,52.33,0,0.0334,Low
2024-07-01,SYN-00022,Central,Consumer,49.21,0,0.0334,Low
2024-11-01,SYN-00018,Central,Small Business,84.09,0,0.0333,Low
2024-08-01,SYN-00389,Central,Consumer,144.19,0,0.0333,Low
2024-08-01,SYN-00140,Central,Small Business,135.38,0,0.0332,Low
2024-12-01,SYN-00183,East,Consumer,67.52,0,0.0331,Low
2024-12-01,SYN-00067,East,Small Business,221.76,0,0.0331,Low
2024-10-01,SYN-00467,East,Commercial,118.4,0,0.0331,Low
2024-07-01,SYN-00326,East,Consumer,135.25,0,0.0331,Low
2024-08-01,SYN-00454,Central,Consumer,71.72,0,0.033,Low
2024-07-01,SYN-00079,East,Small Business,107.6,0,0.0329,Low
2024-10-01,SYN-00086,Central,Consumer,44.66,0,0.0329,Low
2024-07-01,SYN-00424,Central,Consumer,101.55,0,0.0328,Low
2024-10-01,SYN-00229,East,Consumer,37.64,0,0.0328,Low
2024-12-01,SYN-00170,West,Consumer,56.48,0,0.0328,Low
2024-09-01,SYN-00052,Central,Consumer,60.04,0,0.0327,Low
2024-10-01,SYN-00432,West,Consumer,71.86,0,0.0327,Low
2024-11-01,SYN-00009,Central,Consumer,63.66,0,0.0327,Low
2024-10-01,SYN-00071,Central,Consumer,61.62,0,0.0327,Low
2024-09-01,SYN-00055,East,Consumer,91.46,0,0.0326,Low
2024-12-01,SYN-00006,West,Small Business,187.75,0,0.0326,Low
2024-12-01,SYN-00336,East,Consumer,92.21,0,0.0326,Low
2024-12-01,SYN-00180,West,Consumer,77.3,0,0.0325,Low
2024-12-01,SYN-00390,West,Small Business,59.63,0,0.0325,Low
2024-08-01,SYN-00270,Central,Consumer,91.7,0,0.0324,Low
2024-08-01,SYN-00153,Central,Consumer,58.07,0,0.0324,Low
2024-11-01,SYN-00136,Central,Consumer,70.05,0,0.0324,Low
2024-10-01,SYN-00049,East,Small Business,184.03,0,0.0323,Low
2024-10-01,SYN-00397,West,Consumer,93.68,0,0.0323,Low
2024-07-01,SYN-00066,East,Consumer,77.35,0,0.0323,Low
2024-09-01,SYN-00136,Central,Consumer,69.22,0,0.0322,Low
2024-10-01,SYN-00310,Central,Commercial,174.31,0,0.0322,Low
2024-09-01,SYN-00351,East,Consumer,54.21,0,0.0322,Low
2024-09-01,SYN-00231,Central,Consumer,66.62,0,0.0321,Low
2024-08-01,SYN-00226,West,Consumer,119.21,0,0.0321,Low
2024-11-01,SYN-00227,Central,Consumer,48.58,0,0.0321,Low
2024-08-01,SYN-00320,West,Consumer,56.53,0,0.032,Low
2024-12-01,SYN-00330,Central,Consumer,69.71,0,0.032,Low
2024-08-01,SYN-00098,Central,Consumer,106.82,0,0.0319,Low
2024-12-01,SYN-00010,East,Consumer,101.85,0,0.0319,Low
2024-09-01,SYN-00294,Central,Consumer,65.43,0,0.0319,Low
2024-07-01,SYN-00438,East,Consumer,133.33,0,0.0318,Low
2024-09-01,SYN-00110,West,Consumer,43.42,0,0.0317,Low
2024-11-01,SYN-00285,East,Commercial,329.57,0,0.0317,Low
2024-07-01,SYN-00227,Central,Consumer,49.39,0,0.0316,Low
2024-11-01,SYN-00051,Central,Consumer,76.37,0,0.0316,Low
2024-11-01,SYN-00338,East,Commercial,159.73,0,0.0316,Low
2024-11-01,SYN-00352,Central,Consumer,48.7,0,0.0314,Low
2024-10-01,SYN-00231,Central,Consumer,59.16,0,0.0314,Low
2024-07-01,SYN-00426,West,Consumer,62.81,0,0.0314,Low
2024-10-01,SYN-00446,East,Consumer,70.86,0,0.0313,Low
2024-08-01,SYN-00119,Central,Consumer,119.93,0,0.0313,Low
2024-11-01,SYN-00035,East,Consumer,69.08,0,0.0312,Low
2024-12-01,SYN-00332,Central,Consumer,66.39,0,0.0312,Low
2024-12-01,SYN-00038,East,Consumer,141.63,0,0.0312,Low
2024-07-01,SYN-00354,East,Small Business,150.52,0,0.0312,Low
2024-08-01,SYN-00421,East,Consumer,69.84,0,0.0312,Low
2024-10-01,SYN-00291,West,Consumer,66.26,0,0.0311,Low
2024-08-01,SYN-00448,East,Small Business,70.54,0,0.0311,Low
2024-09-01,SYN-00326,East,Consumer,155.16,0,0.0311,Low
2024-12-01,SYN-00379,Central,Consumer,78.37,0,0.031,Low
2024-10-01,SYN-00452,West,Consumer,55.27,0,0.031,Low
2024-07-01,SYN-00284,Central,Consumer,51.85,0,0.031,Low
2024-10-01,SYN-00098,Central,Consumer,96.34,0,0.0309,Low
2024-12-01,SYN-00206,Central,Consumer,67.18,0,0.0309,Low
2024-11-01,SYN-00445,Central,Consumer,90.3,0,0.0308,Low
2024-07-01,SYN-00250,Central,Small Business,146.11,0,0.0308,Low
2024-09-01,SYN-00040,East,Small Business,138.57,0,0.0308,Low
2024-09-01,SYN-00440,East,Consumer,50.71,0,0.0308,Low
2024-07-01,SYN-00342,West,Small Business,93.84,0,0.0308,Low
2024-10-01,SYN-00115,Central,Consumer,48.96,0,0.0307,Low
2024-12-01,SYN-00130,East,Small Business,88.33,0,0.0307,Low
2024-12-01,SYN-00382,West,Consumer,98.57,0,0.0307,Low
2024-07-01,SYN-00240,Central,Consumer,59.35,0,0.0306,Low
2024-10-01,SYN-00050,Central,Consumer,54.1,0,0.0306,Low
2024-11-01,SYN-00062,East,Consumer,53.26,0,0.0306,Low
2024-08-01,SYN-00177,Central,Small Business,84.2,0,0.0306,Low
2024-11-01,SYN-00326,East,Consumer,143.13,0,0.0305,Low
2024-10-01,SYN-00019,West,Consumer,43.55,0,0.0305,Low
2024-11-01,SYN-00342,West,Small Business,88.01,0,0.0305,Low
2024-12-01,SYN-00133,East,Consumer,73.92,0,0.0304,Low
2024-12-01,SYN-00449,Central,Small Business,126.07,0,0.0304,Low
2024-09-01,SYN-00128,Central,Consumer,72.5,0,0.0304,Low
2024-12-01,SYN-00278,East,Consumer,47.77,0,0.0303,Low
2024-07-01,SYN-00044,Central,Commercial,225.87,0,0.0302,Low
2024-11-01,SYN-00244,East,Consumer,71.45,0,0.0301,Low
2024-10-01,SYN-00359,East,Consumer,75.87,0,0.0301,Low
2024-09-01,SYN-00254,Central,Consumer,42.88,0,0.0299,Low
2024-08-01,SYN-00058,East,Consumer,174.3,0,0.0298,Low
2024-10-01,SYN-00473,Central,Consumer,54.45,0,0.0298,Low
2024-12-01,SYN-00228,East,Consumer,87.9,0,0.0297,Low
2024-09-01,SYN-00366,Central,Small Business,141.59,0,0.0297,Low
2024-11-01,SYN-00277,Central,Consumer,52.34,0,0.0297,Low
2024-09-01,SYN-00205,Central,Consumer,100.22,0,0.0296,Low
2024-12-01,SYN-00389,Central,Consumer,135.21,0,0.0296,Low
2024-07-01,SYN-00419,Central,Consumer,100.2,0,0.0296,Low
2024-12-01,SYN-00287,Central,Small Business,99.67,0,0.0296,Low
2024-12-01,SYN-00018,Central,Small Business,67.07,0,0.0296,Low
2024-08-01,SYN-00170,West,Consumer,59.28,0,0.0296,Low
2024-07-01,SYN-00241,West,Consumer,135.99,0,0.0296,Low
2024-09-01,SYN-00116,West,Small Business,182.69,0,0.0295,Low
2024-12-01,SYN-00197,East,Small Business,109.16,0,0.0295,Low
2024-12-01,SYN-00339,Central,Consumer,65.88,0,0.0295,Low
2024-10-01,SYN-00352,Central,Consumer,50.43,0,0.0294,Low
2024-11-01,SYN-00262,West,Consumer,78.47,0,0.0294,Low
2024-10-01,SYN-00332,Central,Consumer,56.49,0,0.0294,Low
2024-10-01,SYN-00184,Central,Consumer,66.43,0,0.0294,Low
2024-11-01,SYN-00236,West,Small Business,73.62,0,0.0294,Low
2024-07-01,SYN-00111,East,Consumer,74.28,0,0.0293,Low
2024-11-01,SYN-00453,East,Consumer,61.77,0,0.0293,Low
2024-11-01,SYN-00378,Central,Consumer,54.88,0,0.0292,Low
2024-10-01,SYN-00193,Central,Consumer,81.74,0,0.0291,Low
2024-11-01,SYN-00026,Central,Consumer,110.92,0,0.0291,Low
2024-09-01,SYN-00180,West,Consumer,75.18,0,0.0291,Low
2024-12-01,SYN-00315,Central,Consumer,42.85,0,0.029,Low
2024-12-01,SYN-00087,East,Consumer,62.34,0,0.029,Low
2024-11-01,SYN-00015,Central,Consumer,125.0,0,0.0289,Low
2024-08-01,SYN-00115,Central,Consumer,76.25,0,0.0289,Low
2024-09-01,SYN-00309,Central,Consumer,73.97,0,0.0289,Low
2024-08-01,SYN-00001,West,Small Business,59.57,0,0.0289,Low
2024-12-01,SYN-00477,Central,Consumer,54.18,0,0.0288,Low
2024-09-01,SYN-00068,Central,Consumer,50.13,0,0.0288,Low
2024-10-01,SYN-00344,East,Consumer,108.72,0,0.0287,Low
2024-08-01,SYN-00100,West,Consumer,67.73,0,0.0287,Low
2024-10-01,SYN-00400,Central,Consumer,69.09,0,0.0287,Low
2024-11-01,SYN-00311,East,Consumer,58.37,0,0.0287,Low
2024-08-01,SYN-00014,West,Consumer,54.74,0,0.0286,Low
2024-10-01,SYN-00090,East,Consumer,79.1,0,0.0286,Low
2024-12-01,SYN-00374,Central,Consumer,84.0,0,0.0285,Low
2024-11-01,SYN-00370,West,Consumer,47.1,0,0.0285,Low
2024-11-01,SYN-00494,Central,Consumer,65.4,0,0.0285,Low
2024-08-01,SYN-00003,West,Commercial,99.32,0,0.0284,Low
2024-07-01,SYN-00283,Central,Consumer,90.84,0,0.0284,Low
2024-10-01,SYN-00075,Central,Small Business,298.9,0,0.0283,Low
2024-09-01,SYN-00202,West,Consumer,57.56,0,0.0283,Low
2024-12-01,SYN-00145,East,Consumer,57.07,0,0.0283,Low
2024-12-01,SYN-00495,West,Commercial,349.41,0,0.0282,Low
2024-08-01,SYN-00081,East,Consumer,95.38,0,0.0281,Low
2024-09-01,SYN-00228,East,Consumer,94.53,0,0.0281,Low
2024-08-01,SYN-00450,East,Consumer,165.06,0,0.0281,Low
2024-10-01,SYN-00328,East,Consumer,113.97,0,0.028,Low
2024-11-01,SYN-00481,Central,Commercial,133.01,0,0.028,Low
2024-12-01,SYN-00063,East,Small Business,92.04,0,0.028,Low
2024-08-01,SYN-00013,East,Consumer,101.19,0,0.028,Low
2024-07-01,SYN-00109,Central,Small Business,160.67,0,0.028,Low
2024-10-01,SYN-00198,West,Consumer,206.37,0,0.0278,Low
2024-07-01,SYN-00215,East,Small Business,195.01,0,0.0278,Low
2024-08-01,SYN-00235,West,Consumer,62.55,0,0.0277,Low
2024-07-01,SYN-00035,East,Consumer,87.17,0,0.0276,Low
2024-07-01,SYN-00226,West,Consumer,125.36,0,0.0276,Low
2024-12-01,SYN-00216,West,Consumer,100.09,0,0.0276,Low
2024-11-01,SYN-00274,East,Small Business,68.36,0,0.0276,Low
2024-09-01,SYN-00476,Central,Consumer,89.44,0,0.0275,Low
2024-12-01,SYN-00304,East,Consumer,141.67,0,0.0274,Low
2024-10-01,SYN-00382,West,Consumer,77.84,0,0.0274,Low
2024-10-01,SYN-00312,Central,Consumer,83.15,0,0.0274,Low
2024-11-01,SYN-00316,Central,Small Business,141.12,0,0.0273,Low
2024-07-01,SYN-00396,East,Small Business,108.25,0,0.0273,Low
2024-07-01,SYN-00043,East,Small Business,218.05,0,0.0273,Low
2024-09-01,SYN-00363,Central,Small Business,109.07,0,0.0272,Low
2024-07-01,SYN-00338,East,Commercial,174.67,0,0.0272,Low
2024-07-01,SYN-00040,East,Small Business,156.81,0,0.0272,Low
2024-07-01,SYN-00376,Central,Small Business,113.78,0,0.0271,Low
2024-10-01,SYN-00491,East,Consumer,78.69,0,0.0271,Low
2024-07-01,SYN-00183,East,Consumer,78.98,0,0.0271,Low
2024-09-01,SYN-00484,Central,Consumer,183.99,0,0.0271,Low
2024-11-01,SYN-00111,East,Consumer,61.35,0,0.027,Low
2024-10-01,SYN-00122,East,Consumer,170.89,0,0.027,Low
2024-10-01,SYN-00217,Central,Consumer,57.02,0,0.027,Low
2024-10-01,SYN-00270,Central,Consumer,83.24,0,0.027,Low
2024-12-01,SYN-00153,Central,Consumer,48.87,0,0.0269,Low
2024-09-01,SYN-00063,East,Small Business,93.12,0,0.0269,Low
2024-12-01,SYN-00047,Central,Consumer,109.79,0,0.0269,Low
2024-12-01,SYN-00115,Central,Consumer,54.39,0,0.0268,Low
2024-11-01,SYN-00488,Central,Consumer,56.45,0,0.0268,Low
2024-07-01,SYN-00174,West,Small Business,76.39,0,0.0267,Low
2024-07-01,SYN-00439,West,Small Business,179.99,0,0.0267,Low
2024-12-01,SYN-00285,East,Commercial,315.3,0,0.0266,Low
2024-09-01,SYN-00318,East,Consumer,85.66,0,0.0266,Low
2024-09-01,SYN-00376,Central,Small Business,97.57,0,0.0265,Low
2024-10-01,SYN-00203,East,Consumer,189.07,0,0.0264,Low
2024-09-01,SYN-00449,Central,Small Business,114.56,0,0.0263,Low
2024-10-01,SYN-00130,East,Small Business,81.24,0,0.0263,Low
2024-07-01,SYN-00055,East,Consumer,88.73,0,0.0263,Low
2024-10-01,SYN-00020,East,Small Business,131.55,0,0.0262,Low
2024-10-01,SYN-00119,Central,Consumer,108.78,0,0.0262,Low
2024-10-01,SYN-00180,West,Consumer,84.25,0,0.0262,Low
2024-10-01,SYN-00097,Central,Small Business,64.73,0,0.0261,Low
2024-10-01,SYN-00245,East,Consumer,150.86,0,0.0261,Low
2024-11-01,SYN-00206,Central,Consumer,69.59,0,0.026,Low
2024-08-01,SYN-00099,Central,Commercial,175.34,0,0.026,Low
2024-08-01,SYN-00146,Central,Small Business,107.14,0,0.0259,Low
2024-08-01,SYN-00493,East,Small Business,90.94,0,0.0259,Low
2024-07-01,SYN-00362,Central,Small Business,52.86,0,0.0259,Low
2024-11-01,SYN-00180,West,Consumer,71.62,0,0.0259,Low
2024-12-01,SYN-00103,Central,Small Business,109.32,0,0.0258,Low
2024-08-01,SYN-00335,Central,Small Business,180.34,0,0.0258,Low
2024-11-01,SYN-00096,East,Consumer,66.2,0,0.0258,Low
2024-07-01,SYN-00204,Central,Small Business,207.41,0,0.0258,Low
2024-07-01,SYN-00062,East,Consumer,58.41,0,0.0258,Low
2024-07-01,SYN-00117,West,Small Business,70.24,0,0.0258,Low
2024-07-01,SYN-00432,West,Consumer,77.2,0,0.0258,Low
2024-12-01,SYN-00189,West,Small Business,106.14,0,0.0257,Low
2024-09-01,SYN-00252,West,Consumer,70.76,0,0.0257,Low
2024-12-01,SYN-00476,Central,Consumer,73.25,0,0.0257,Low
2024-12-01,SYN-00065,East,Consumer,70.6,0,0.0257,Low
2024-10-01,SYN-00396,East,Small Business,110.65,0,0.0256,Low
2024-07-01,SYN-00075,Central,Small Business,344.54,0,0.0256,Low
2024-08-01,SYN-00296,West,Consumer,66.09,0,0.0256,Low
2024-08-01,SYN-00044,Central,Commercial,204.43,0,0.0256,Low
2024-10-01,SYN-00056,West,Consumer,110.06,0,0.0255,Low
2024-10-01,SYN-00255,Central,Small Business,62.44,0,0.0255,Low
2024-09-01,SYN-00134,Central,Consumer,50.05,0,0.0255,Low
2024-11-01,SYN-00219,West,Consumer,58.44,0,0.0255,Low
2024-11-01,SYN-00477,Central,Consumer,54.67,0,0.0255,Low
2024-08-01,SYN-00288,Central,Consumer,57.77,0,0.0254,Low
2024-09-01,SYN-00172,East,Consumer,68.23,0,0.0254,Low
2024-07-01,SYN-00061,East,Consumer,61.24,0,0.0254,Low
2024-10-01,SYN-00022,Central,Consumer,57.34,0,0.0254,Low
2024-11-01,SYN-00223,East,Consumer,50.15,0,0.0253,Low
2024-12-01,SYN-00101,West,Consumer,79.0,0,0.0253,Low
2024-10-01,SYN-00464,Central,Consumer,94.96,0,0.0253,Low
2024-09-01,SYN-00123,Central,Commercial,267.41,0,0.0253,Low
2024-11-01,SYN-00349,East,Consumer,66.22,0,0.0252,Low
2024-07-01,SYN-00091,Central,Commercial,223.1,0,0.0252,Low
2024-08-01,SYN-00158,East,Consumer,93.95,0,0.0252,Low
2024-11-01,SYN-00029,Central,Small Business,271.64,0,0.0252,Low
2024-08-01,SYN-00103,Central,Small Business,93.8,0,0.0251,Low
2024-11-01,SYN-00497,Central,Consumer,62.87,0,0.0249,Low
2024-10-01,SYN-00386,West,Consumer,52.9,0,0.0248,Low
2024-11-01,SYN-00404,Central,Consumer,44.03,0,0.0248,Low
2024-11-01,SYN-00473,Central,Consumer,65.83,0,0.0247,Low
2024-11-01,SYN-00273,Central,Consumer,101.43,0,0.0246,Low
2024-12-01,SYN-00246,West,Consumer,83.89,0,0.0246,Low
2024-08-01,SYN-00026,Central,Consumer,119.46,0,0.0246,Low
2024-12-01,SYN-00273,Central,Consumer,119.18,0,0.0245,Low
2024-08-01,SYN-00442,Central,Small Business,56.11,0,0.0245,Low
2024-12-01,SYN-00415,Central,Commercial,221.35,0,0.0244,Low
2024-07-01,SYN-00497,Central,Consumer,72.27,0,0.0244,Low
2024-07-01,SYN-00371,West,Small Business,111.45,0,0.0244,Low
2024-10-01,SYN-00156,East,Consumer,106.66,0,0.0244,Low
2024-11-01,SYN-00292,Central,Consumer,84.36,0,0.0244,Low
2024-11-01,SYN-00357,West,Small Business,125.0,0,0.0244,Low
2024-12-01,SYN-00082,Central,Consumer,108.84,0,0.0243,Low
2024-11-01,SYN-00030,East,Consumer,53.27,0,0.0243,Low
2024-11-01,SYN-00222,East,Consumer,68.72,0,0.0243,Low
2024-07-01,SYN-00017,East,Consumer,77.14,0,0.0243,Low
2024-10-01,SYN-00163,Central,Consumer,101.21,0,0.0242,Low
2024-11-01,SYN-00094,Central,Consumer,115.2,0,0.0242,Low
2024-11-01,SYN-00265,West,Small Business,94.03,0,0.0242,Low
2024-08-01,SYN-00443,West,Consumer,79.26,0,0.0242,Low
2024-11-01,SYN-00209,Central,Consumer,55.0,0,0.0241,Low
2024-10-01,SYN-00103,Central,Small Business,85.64,0,0.024,Low
2024-10-01,SYN-00116,West,Small Business,159.49,0,0.024,Low
2024-12-01,SYN-00305,West,Consumer,55.02,0,0.024,Low
2024-08-01,SYN-00075,Central,Small Business,332.63,0,0.024,Low
2024-07-01,SYN-00466,East,Consumer,59.82,0,0.0239,Low
2024-11-01,SYN-00468,West,Consumer,40.91,0,0.0239,Low
2024-11-01,SYN-00150,Central,Consumer,111.96,0,0.0239,Low
2024-09-01,SYN-00120,East,Consumer,74.53,0,0.0239,Low
2024-10-01,SYN-00205,Central,Consumer,99.78,0,0.0239,Low
2024-10-01,SYN-00206,Central,Consumer,70.43,0,0.0238,Low
2024-10-01,SYN-00219,West,Consumer,71.0,0,0.0238,Low
2024-10-01,SYN-00297,West,Consumer,63.73,0,0.0238,Low
2024-08-01,SYN-00495,West,Commercial,370.65,0,0.0237,Low
2024-10-01,SYN-00329,East,Small Business,95.46,0,0.0237,Low
2024-07-01,SYN-00421,East,Consumer,85.07,0,0.0236,Low
2024-08-01,SYN-00359,East,Consumer,85.98,0,0.0236,Low
2024-11-01,SYN-00214,West,Small Business,132.51,0,0.0236,Low
2024-09-01,SYN-00483,East,Small Business,96.83,0,0.0236,Low
2024-09-01,SYN-00002,Central,Small Business,62.56,0,0.0236,Low
2024-12-01,SYN-00196,Central,Consumer,102.44,0,0.0235,Low
2024-08-01,SYN-00381,East,Consumer,83.94,0,0.0235,Low
2024-08-01,SYN-00291,West,Consumer,73.74,0,0.0235,Low
2024-08-01,SYN-00120,East,Consumer,88.82,0,0.0235,Low
2024-11-01,SYN-00363,Central,Small Business,99.68,0,0.0235,Low
2024-09-01,SYN-00203,East,Consumer,190.3,0,0.0234,Low
2024-10-01,SYN-00169,Central,Consumer,58.49,0,0.0234,Low
2024-07-01,SYN-00433,East,Consumer,67.92,0,0.0234,Low
2024-09-01,SYN-00144,East,Consumer,53.48,0,0.0233,Low
2024-09-01,SYN-00221,Central,Consumer,92.97,0,0.0233,Low
2024-07-01,SYN-00369,Central,Consumer,91.98,0,0.0233,Low
2024-12-01,SYN-00026,Central,Consumer,137.51,0,0.0232,Low
2024-10-01,SYN-00222,East,Consumer,61.79,0,0.0232,Low
2024-12-01,SYN-00009,Central,Consumer,58.73,0,0.0232,Low
2024-11-01,SYN-00495,West,Commercial,352.01,0,0.0232,Low
2024-09-01,SYN-00070,Central,Consumer,99.15,0,0.0231,Low
2024-10-01,SYN-00063,East,Small Business,101.51,0,0.023,Low
2024-12-01,SYN-00030,East,Consumer,51.5,0,0.023,Low
2024-07-01,SYN-00118,East,Consumer,52.23,0,0.023,Low
2024-12-01,SYN-00412,East,Small Business,190.71,0,0.0229,Low
2024-08-01,SYN-00473,Central,Consumer,57.01,0,0.0229,Low
2024-08-01,SYN-00094,Central,Consumer,109.14,0,0.0228,Low
2024-08-01,SYN-00375,Central,Small Business,77.6,0,0.0228,Low
2024-12-01,SYN-00099,Central,Commercial,188.38,0,0.0228,Low
2024-08-01,SYN-00045,West,Consumer,166.54,0,0.0227,Low
2024-12-01,SYN-00375,Central,Small Business,77.67,0,0.0227,Low
2024-07-01,SYN-00082,Central,Consumer,101.79,0,0.0227,Low
2024-08-01,SYN-00304,East,Consumer,141.2,0,0.0227,Low
2024-07-01,SYN-00070,Central,Consumer,100.78,0,0.0227,Low
2024-09-01,SYN-00051,Central,Consumer,63.13,0,0.0226,Low
2024-07-01,SYN-00067,East,Small Business,224.82,0,0.0226,Low
2024-07-01,SYN-00189,West,Small Business,120.26,0,0.0226,Low
2024-09-01,SYN-00496,East,Consumer,53.94,0,0.0226,Low
2024-10-01,SYN-00275,East,Consumer,60.18,0,0.0226,Low
2024-12-01,SYN-00296,West,Consumer,80.93,0,0.0226,Low
2024-09-01,SYN-00270,Central,Consumer,95.66,0,0.0225,Low
2024-10-01,SYN-00085,Central,Small Business,66.09,0,0.0225,Low
2024-11-01,SYN-00344,East,Consumer,110.5,0,0.0225,Low
2024-12-01,SYN-00377,West,Consumer,54.94,0,0.0225,Low
2024-10-01,SYN-00066,East,Consumer,54.73,0,0.0225,Low
2024-12-01,SYN-00100,West,Consumer,70.43,0,0.0225,Low
2024-07-01,SYN-00148,East,Consumer,122.88,0,0.0223,Low
2024-07-01,SYN-00081,East,Consumer,64.25,0,0.0223,Low
2024-12-01,SYN-00236,West,Small Business,83.2,0,0.0223,Low
2024-12-01,SYN-00241,West,Consumer,150.75,0,0.0223,Low
2024-08-01,SYN-00489,East,Consumer,69.07,0,0.0222,Low
2024-12-01,SYN-00393,East,Consumer,72.11,0,0.0222,Low
2024-07-01,SYN-00476,Central,Consumer,75.43,0,0.0222,Low
2024-12-01,SYN-00112,Central,Consumer,95.65,0,0.0221,Low
2024-09-01,SYN-00411,East,Small Business,132.89,0,0.022,Low
2024-11-01,SYN-00174,West,Small Business,87.37,0,0.022,Low
2024-07-01,SYN-00450,East,Consumer,185.53,0,0.0219,Low
2024-07-01,SYN-00140,Central,Small Business,147.58,0,0.0219,Low
2024-07-01,SYN-00157,Central,Small Business,67.53,0,0.0219,Low
2024-08-01,SYN-00109,Central,Small Business,126.53,0,0.0219,Low
2024-07-01,SYN-00184,Central,Consumer,56.4,0,0.0219,Low
2024-10-01,SYN-00153,Central,Consumer,58.55,0,0.0218,Low
2024-11-01,SYN-00097,Central,Small Business,66.81,0,0.0218,Low
2024-12-01,SYN-00222,East,Consumer,68.67,0,0.0217,Low
2024-08-01,SYN-00425,East,Consumer,84.49,0,0.0217,Low
2024-10-01,SYN-00398,Central,Consumer,62.33,0,0.0217,Low
2024-08-01,SYN-00228,East,Consumer,90.76,0,0.0216,Low
2024-12-01,SYN-00107,Central,Small Business,96.95,0,0.0216,Low
2024-07-01,SYN-00238,West,Consumer,111.05,0,0.0215,Low
2024-09-01,SYN-00269,Central,Consumer,60.02,0,0.0215,Low
2024-10-01,SYN-00278,East,Consumer,78.1,0,0.0214,Low
2024-08-01,SYN-00350,Central,Commercial,160.76,0,0.0214,Low
2024-09-01,SYN-00138,East,Small Business,139.34,0,0.0214,Low
2024-09-01,SYN-00126,East,Consumer,68.76,0,0.0214,Low
2024-08-01,SYN-00412,East,Small Business,192.62,0,0.0214,Low
2024-11-01,SYN-00463,West,Consumer,79.13,0,0.0214,Low
2024-11-01,SYN-00396,East,Small Business,102.66,0,0.0214,Low
2024-10-01,SYN-00031,West,Small Business,175.46,0,0.0214,Low
2024-08-01,SYN-00461,East,Consumer,62.89,0,0.0213,Low
2024-08-01,SYN-00449,Central,Small Business,102.59,0,0.0213,Low
2024-12-01,SYN-00128,Central,Consumer,85.12,0,0.0213,Low
2024-07-01,SYN-00289,East,Small Business,230.16,0,0.0213,Low
2024-12-01,SYN-00326,East,Consumer,156.17,0,0.0213,Low
2024-10-01,SYN-00292,Central,Consumer,81.16,0,0.0213,Low
2024-12-01,SYN-00205,Central,Consumer,93.69,0,0.0213,Low
2024-07-01,SYN-00021,West,Small Business,125.6,0,0.0212,Low
2024-08-01,SYN-00074,Central,Small Business,104.76,0,0.0212,Low
2024-08-01,SYN-00200,Central,Consumer,122.28,0,0.0212,Low
2024-07-01,SYN-00412,East,Small Business,189.04,0,0.0212,Low
2024-08-01,SYN-00220,Central,Commercial,111.82,0,0.0212,Low
2024-11-01,SYN-00347,West,Consumer,66.29,0,0.0212,Low
2024-09-01,SYN-00025,West,Consumer,102.35,0,0.0212,Low
2024-08-01,SYN-00250,Central,Small Business,166.4,0,0.0212,Low
2024-07-01,SYN-00397,West,Consumer,94.25,0,0.0212,Low
2024-10-01,SYN-00492,East,Small Business,224.8,0,0.0211,Low
2024-09-01,SYN-00343,West,Consumer,44.0,0,0.0211,Low
2024-09-01,SYN-00185,West,Consumer,82.93,0,0.0211,Low
2024-12-01,SYN-00208,East,Small Business,105.91,0,0.021,Low
2024-07-01,SYN-00323,Central,Consumer,100.34,0,0.021,Low
2024-08-01,SYN-00147,Central,Consumer,57.38,0,0.021,Low
2024-11-01,SYN-00387,East,Consumer,76.21,0,0.021,Low
2024-09-01,SYN-00006,West,Small Business,187.87,0,0.021,Low
2024-12-01,SYN-00152,West,Small Business,128.64,0,0.0209,Low
2024-08-01,SYN-00037,Central,Consumer,124.79,0,0.0209,Low
2024-10-01,SYN-00038,East,Consumer,136.72,0,0.0209,Low
2024-07-01,SYN-00384,East,Consumer,82.41,0,0.0209,Low
2024-07-01,SYN-00414,West,Commercial,519.71,0,0.0208,Low
2024-11-01,SYN-00461,East,Consumer,66.06,0,0.0208,Low
2024-08-01,SYN-00302,Central,Consumer,76.24,0,0.0208,Low
2024-10-01,SYN-00280,West,Small Business,77.12,0,0.0207,Low
2024-12-01,SYN-00338,East,Commercial,184.23,0,0.0207,Low
2024-11-01,SYN-00464,Central,Consumer,100.49,0,0.0207,Low
2024-10-01,SYN-00273,Central,Consumer,105.81,0,0.0207,Low
2024-11-01,SYN-00402,West,Consumer,87.44,0,0.0207,Low
2024-12-01,SYN-00423,Central,Consumer,34.71,0,0.0207,Low
2024-08-01,SYN-00047,Central,Consumer,111.64,0,0.0206,Low
2024-08-01,SYN-00076,Central,Consumer,96.64,0,0.0206,Low
2024-11-01,SYN-00213,Central,Small Business,173.28,0,0.0206,Low
2024-08-01,SYN-00136,Central,Consumer,64.92,0,0.0206,Low
2024-08-01,SYN-00161,Central,Consumer,71.74,0,0.0205,Low
2024-09-01,SYN-00357,West,Small Business,117.56,0,0.0205,Low
2024-07-01,SYN-00355,East,Consumer,108.41,0,0.0204,Low
2024-08-01,SYN-00392,Central,Commercial,430.51,0,0.0204,Low
2024-08-01,SYN-00268,Central,Consumer,97.3,0,0.0204,Low
2024-07-01,SYN-00213,Central,Small Business,175.04,0,0.0204,Low
2024-09-01,SYN-00382,West,Consumer,93.88,0,0.0204,Low
2024-08-01,SYN-00210,East,Consumer,127.8,0,0.0204,Low
2024-07-01,SYN-00487,East,Consumer,49.38,0,0.0204,Low
2024-07-01,SYN-00128,Central,Consumer,96.89,0,0.0203,Low
2024-08-01,SYN-00366,Central,Small Business,148.45,0,0.0202,Low
2024-10-01,SYN-00047,Central,Consumer,109.46,0,0.0202,Low
2024-11-01,SYN-00400,Central,Consumer,70.69,0,0.0202,Low
2024-08-01,SYN-00222,East,Consumer,71.15,0,0.0201,Low
2024-09-01,SYN-00093,Central,Consumer,52.73,0,0.0201,Low
2024-11-01,SYN-00450,East,Consumer,174.51,0,0.02,Low
2024-12-01,SYN-00199,Central,Consumer,57.98,0,0.02,Low
2024-12-01,SYN-00123,Central,Commercial,285.18,0,0.0199,Low
2024-11-01,SYN-00432,West,Consumer,56.77,0,0.0199,Low
2024-11-01,SYN-00237,East,Consumer,53.39,0,0.0199,Low
2024-09-01,SYN-00167,West,Small Business,189.37,0,0.0199,Low
2024-07-01,SYN-00280,West,Small Business,87.54,0,0.0199,Low
2024-11-01,SYN-00194,West,Consumer,92.33,0,0.0198,Low
2024-11-01,SYN-00196,Central,Consumer,84.74,0,0.0198,Low
2024-09-01,SYN-00446,East,Consumer,82.43,0,0.0198,Low
2024-08-01,SYN-00446,East,Consumer,80.75,0,0.0198,Low
2024-10-01,SYN-00319,Central,Consumer,109.86,0,0.0197,Low
2024-09-01,SYN-00188,Central,Commercial,184.99,0,0.0197,Low
2024-10-01,SYN-00172,East,Consumer,65.77,0,0.0197,Low
2024-10-01,SYN-00167,West,Small Business,185.85,0,0.0197,Low
2024-07-01,SYN-00304,East,Consumer,142.89,0,0.0197,Low
2024-09-01,SYN-00300,East,Small Business,74.11,0,0.0197,Low
2024-09-01,SYN-00226,West,Consumer,125.4,0,0.0197,Low
2024-11-01,SYN-00095,Central,Consumer,33.26,0,0.0196,Low
2024-07-01,SYN-00319,Central,Consumer,125.0,0,0.0196,Low
2024-10-01,SYN-00290,Central,Consumer,67.38,0,0.0196,Low
2024-12-01,SYN-00394,East,Consumer,83.68,0,0.0196,Low
2024-12-01,SYN-00311,East,Consumer,61.09,0,0.0195,Low
2024-09-01,SYN-00074,Central,Small Business,100.45,0,0.0195,Low
2024-08-01,SYN-00326,East,Consumer,141.97,0,0.0195,Low
2024-10-01,SYN-00243,Central,Small Business,345.54,0,0.0194,Low
2024-11-01,SYN-00163,Central,Consumer,98.85,0,0.0194,Low
2024-10-01,SYN-00108,Central,Consumer,56.97,0,0.0194,Low
2024-11-01,SYN-00040,East,Small Business,133.79,0,0.0193,Low
2024-11-01,SYN-00282,Central,Small Business,71.48,0,0.0193,Low
2024-09-01,SYN-00285,East,Commercial,339.08,0,0.0193,Low
2024-10-01,SYN-00249,Central,Small Business,99.18,0,0.0191,Low
2024-12-01,SYN-00105,West,Commercial,145.25,0,0.0191,Low
2024-11-01,SYN-00299,West,Small Business,179.17,0,0.0191,Low
2024-07-01,SYN-00278,East,Consumer,57.89,0,0.0191,Low
2024-11-01,SYN-00484,Central,Consumer,194.76,0,0.019,Low
2024-12-01,SYN-00040,East,Small Business,139.58,0,0.019,Low
2024-11-01,SYN-00500,East,Consumer,63.13,0,0.0189,Low
2024-09-01,SYN-00083,West,Consumer,51.83,0,0.0189,Low
2024-08-01,SYN-00451,Central,Consumer,116.63,0,0.0189,Low
2024-08-01,SYN-00135,East,Consumer,110.9,0,0.0188,Low
2024-10-01,SYN-00133,East,Consumer,81.76,0,0.0188,Low
2024-11-01,SYN-00003,West,Commercial,96.27,0,0.0188,Low
2024-12-01,SYN-00313,Central,Commercial,370.22,0,0.0188,Low
2024-07-01,SYN-00180,West,Consumer,96.88,0,0.0187,Low
2024-12-01,SYN-00075,Central,Small Business,325.26,0,0.0187,Low
2024-08-01,SYN-00010,East,Consumer,115.61,0,0.0187,Low
2024-11-01,SYN-00290,Central,Consumer,78.89,0,0.0187,Low
2024-09-01,SYN-00135,East,Consumer,124.93,0,0.0186,Low
2024-07-01,SYN-00335,Central,Small Business,168.45,0,0.0186,Low
2024-10-01,SYN-00185,West,Consumer,74.76,0,0.0186,Low
2024-11-01,SYN-00047,Central,Consumer,119.62,0,0.0185,Low
2024-09-01,SYN-00212,East,Consumer,53.52,0,0.0185,Low
2024-07-01,SYN-00448,East,Small Business,71.71,0,0.0185,Low
2024-11-01,SYN-00082,Central,Consumer,103.39,0,0.0185,Low
2024-07-01,SYN-00261,Central,Small Business,108.73,0,0.0185,Low
2024-11-01,SYN-00117,West,Small Business,55.35,0,0.0184,Low
2024-10-01,SYN-00459,West,Consumer,56.24,0,0.0184,Low
2024-12-01,SYN-00263,Central,Consumer,156.26,0,0.0184,Low
2024-11-01,SYN-00055,East,Consumer,79.6,0,0.0183,Low
2024-11-01,SYN-00270,Central,Consumer,83.06,0,0.0183,Low
2024-07-01,SYN-00133,East,Consumer,79.54,0,0.0183,Low
2024-12-01,SYN-00270,Central,Consumer,100.03,0,0.0183,Low
2024-08-01,SYN-00221,Central,Consumer,96.08,0,0.0183,Low
2024-11-01,SYN-00251,East,Consumer,95.46,0,0.0183,Low
2024-11-01,SYN-00406,West,Consumer,86.66,0,0.0183,Low
2024-12-01,SYN-00215,East,Small Business,169.92,0,0.0182,Low
2024-11-01,SYN-00137,West,Consumer,47.51,0,0.0182,Low
2024-12-01,SYN-00143,West,Consumer,51.72,0,0.0182,Low
2024-08-01,SYN-00211,East,Commercial,278.61,0,0.018,Low
2024-12-01,SYN-00104,West,Small Business,141.18,0,0.0179,Low
2024-10-01,SYN-00140,Central,Small Business,148.54,0,0.0179,Low
2024-07-01,SYN-00089,Central,Consumer,102.94,0,0.0179,Low
2024-11-01,SYN-00118,East,Consumer,60.33,0,0.0179,Low
2024-11-01,SYN-00200,Central,Consumer,131.64,0,0.0179,Low
2024-11-01,SYN-00376,Central,Small Business,103.53,0,0.0179,Low
2024-09-01,SYN-00404,Central,Consumer,46.44,0,0.0179,Low
2024-08-01,SYN-00072,Central,Small Business,145.9,0,0.0178,Low
2024-08-01,SYN-00201,West,Consumer,115.68,0,0.0178,Low
2024-10-01,SYN-00021,West,Small Business,127.14,0,0.0176,Low
2024-09-01,SYN-00359,East,Consumer,71.77,0,0.0176,Low
2024-12-01,SYN-00497,Central,Consumer,71.95,0,0.0176,Low
2024-11-01,SYN-00436,Central,Consumer,54.62,0,0.0175,Low
2024-12-01,SYN-00316,Central,Small Business,167.17,0,0.0175,Low
2024-11-01,SYN-00385,Central,Consumer,128.07,0,0.0175,Low
2024-12-01,SYN-00272,Central,Consumer,65.94,0,0.0175,Low
2024-12-01,SYN-00371,West,Small Business,98.74,0,0.0175,Low
2024-07-01,SYN-00025,West,Consumer,108.18,0,0.0175,Low
2024-07-01,SYN-00096,East,Consumer,70.21,0,0.0175,Low
2024-07-01,SYN-00401,Central,Consumer,50.96,0,0.0174,Low
2024-12-01,SYN-00327,West,Consumer,58.24,0,0.0174,Low
2024-12-01,SYN-00402,West,Consumer,87.46,0,0.0174,Low
2024-08-01,SYN-00249,Central,Small Business,95.57,0,0.0173,Low
2024-12-01,SYN-00195,Central,Small Business,115.48,0,0.0173,Low
2024-11-01,SYN-00493,East,Small Business,102.42,0,0.0173,Low
2024-09-01,SYN-00198,West,Consumer,226.11,0,0.0173,Low
2024-12-01,SYN-00355,East,Consumer,112.26,0,0.0173,Low
2024-11-01,SYN-00066,East,Consumer,61.37,0,0.0172,Low
2024-09-01,SYN-00211,East,Commercial,262.21,0,0.0172,Low
2024-07-01,SYN-00446,East,Consumer,89.64,0,0.0172,Low
2024-11-01,SYN-00175,Central,Consumer,69.82,0,0.0171,Low
2024-09-01,SYN-00412,East,Small Business,177.98,0,0.0171,Low
2024-12-01,SYN-00017,East,Consumer,46.13,0,0.0171,Low
2024-07-01,SYN-00217,Central,Consumer,66.74,0,0.0171,Low
2024-07-01,SYN-00242,West,Consumer,64.75,0,0.017,Low
2024-12-01,SYN-00409,Central,Consumer,87.83,0,0.017,Low
2024-12-01,SYN-00252,West,Consumer,78.51,0,0.017,Low
2024-10-01,SYN-00257,West,Consumer,76.11,0,0.017,Low
2024-12-01,SYN-00277,Central,Consumer,49.26,0,0.0169,Low
2024-09-01,SYN-00432,West,Consumer,73.69,0,0.0169,Low
2024-10-01,SYN-00389,Central,Consumer,117.83,0,0.0168,Low
2024-10-01,SYN-00250,Central,Small Business,144.51,0,0.0168,Low
2024-10-01,SYN-00160,West,Consumer,38.52,0,0.0168,Low
2024-09-01,SYN-00118,East,Consumer,44.59,0,0.0168,Low
2024-09-01,SYN-00162,West,Small Business,138.02,0,0.0168,Low
2024-09-01,SYN-00428,West,Small Business,141.75,0,0.0168,Low
2024-07-01,SYN-00267,Central,Consumer,67.29,0,0.0168,Low
2024-12-01,SYN-00071,Central,Consumer,63.88,0,0.0167,Low
2024-09-01,SYN-00161,Central,Consumer,70.97,0,0.0167,Low
2024-12-01,SYN-00298,West,Consumer,85.56,0,0.0167,Low
2024-08-01,SYN-00374,Central,Consumer,81.22,0,0.0167,Low
2024-10-01,SYN-00161,Central,Consumer,73.15,0,0.0167,Low
2024-08-01,SYN-00070,Central,Consumer,92.51,0,0.0167,Low
2024-07-01,SYN-00060,Central,Consumer,95.9,0,0.0166,Low
2024-07-01,SYN-00208,East,Small Business,128.32,0,0.0166,Low
2024-08-01,SYN-00038,East,Consumer,147.84,0,0.0166,Low
2024-07-01,SYN-00094,Central,Consumer,113.42,0,0.0166,Low
2024-12-01,SYN-00096,East,Consumer,77.67,0,0.0166,Low
2024-11-01,SYN-00288,Central,Consumer,62.89,0,0.0165,Low
2024-09-01,SYN-00105,West,Commercial,125.3,0,0.0165,Low
2024-12-01,SYN-00052,Central,Consumer,71.25,0,0.0165,Low
2024-08-01,SYN-00472,East,Consumer,85.88,0,0.0165,Low
2024-12-01,SYN-00178,West,Consumer,150.49,0,0.0164,Low
2024-12-01,SYN-00256,West,Consumer,51.88,0,0.0164,Low
2024-10-01,SYN-00251,East,Consumer,100.32,0,0.0164,Low
2024-10-01,SYN-00023,West,Consumer,73.52,0,0.0164,Low
2024-10-01,SYN-00234,East,Consumer,129.01,0,0.0164,Low
2024-08-01,SYN-00208,East,Small Business,121.88,0,0.0164,Low
2024-12-01,SYN-00055,East,Consumer,100.44,0,0.0163,Low
2024-10-01,SYN-00301,West,Small Business,63.11,0,0.0163,Low
2024-10-01,SYN-00224,West,Commercial,63.16,0,0.0163,Low
2024-08-01,SYN-00274,East,Small Business,56.76,0,0.0163,Low
2024-10-01,SYN-00150,Central,Consumer,105.95,0,0.0162,Low
2024-10-01,SYN-00011,Central,Consumer,57.0,0,0.0162,Low
2024-08-01,SYN-00121,East,Small Business,144.13,0,0.0162,Low
2024-12-01,SYN-00013,East,Consumer,94.2,0,0.0162,Low
2024-09-01,SYN-00119,Central,Consumer,108.58,0,0.0162,Low
2024-07-01,SYN-00344,East,Consumer,109.12,0,0.0161,Low
2024-08-01,SYN-00466,East,Consumer,59.77,0,0.0161,Low
2024-10-01,SYN-00135,East,Consumer,104.44,0,0.0161,Low
2024-08-01,SYN-00278,East,Consumer,56.48,0,0.0161,Low
2024-08-01,SYN-00424,Central,Consumer,119.41,0,0.016,Low
2024-11-01,SYN-00130,East,Small Business,86.94,0,0.016,Low
2024-07-01,SYN-00224,West,Commercial,66.97,0,0.016,Low
2024-07-01,SYN-00330,Central,Consumer,74.17,0,0.016,Low
2024-11-01,SYN-00101,West,Consumer,77.22,0,0.016,Low
2024-11-01,SYN-00407,Central,Consumer,84.92,0,0.0159,Low
2024-07-01,SYN-00299,West,Small Business,195.72,0,0.0159,Low
2024-08-01,SYN-00237,East,Consumer,58.31,0,0.0158,Low
2024-12-01,SYN-00062,East,Consumer,76.82,0,0.0158,Low
2024-09-01,SYN-00397,West,Consumer,81.31,0,0.0158,Low
2024-10-01,SYN-00336,East,Consumer,94.47,0,0.0157,Low
2024-12-01,SYN-00074,Central,Small Business,109.91,0,0.0157,Low
2024-07-01,SYN-00223,East,Consumer,59.19,0,0.0156,Low
2024-12-01,SYN-00470,East,Consumer,138.53,0,0.0156,Low
2024-08-01,SYN-00048,Central,Consumer,76.97,0,0.0156,Low
2024-12-01,SYN-00097,Central,Small Business,64.13,0,0.0156,Low
2024-11-01,SYN-00279,West,Small Business,97.83,0,0.0156,Low
2024-09-01,SYN-00370,West,Consumer,52.75,0,0.0156,Low
2024-09-01,SYN-00242,West,Consumer,70.73,0,0.0156,Low
2024-07-01,SYN-00375,Central,Small Business,91.76,0,0.0156,Low
2024-08-01,SYN-00104,West,Small Business,156.44,0,0.0155,Low
2024-11-01,SYN-00399,East,Consumer,68.59,0,0.0155,Low
2024-07-01,SYN-00104,West,Small Business,139.87,0,0.0155,Low
2024-09-01,SYN-00023,West,Consumer,52.3,0,0.0155,Low
2024-12-01,SYN-00020,East,Small Business,131.94,0,0.0155,Low
2024-07-01,SYN-00136,Central,Consumer,68.11,0,0.0155,Low
2024-09-01,SYN-00495,West,Commercial,357.99,0,0.0155,Low
2024-08-01,SYN-00353,East,Small Business,75.2,0,0.0153,Low
2024-07-01,SYN-00246,West,Consumer,89.46,0,0.0153,Low
2024-08-01,SYN-00500,East,Consumer,87.6,0,0.0153,Low
2024-11-01,SYN-00323,Central,Consumer,95.24,0,0.0153,Low
2024-09-01,SYN-00374,Central,Consumer,95.53,0,0.0153,Low
2024-08-01,SYN-00262,West,Consumer,70.3,0,0.0153,Low
2024-10-01,SYN-00261,Central,Small Business,94.65,0,0.0153,Low
2024-12-01,SYN-00079,East,Small Business,82.42,0,0.0152,Low
2024-08-01,SYN-00097,Central,Small Business,92.36,0,0.0152,Low
2024-11-01,SYN-00283,Central,Consumer,77.96,0,0.0152,Low
2024-08-01,SYN-00316,Central,Small Business,139.29,0,0.0152,Low
2024-07-01,SYN-00357,West,Small Business,121.3,0,0.0151,Low
2024-11-01,SYN-00296,West,Consumer,70.08,0,0.0151,Low
2024-10-01,SYN-00008,West,Small Business,163.22,0,0.0151,Low
2024-08-01,SYN-00311,East,Consumer,61.97,0,0.015,Low
2024-11-01,SYN-00297,West,Consumer,90.71,0,0.015,Low
2024-08-01,SYN-00435,Central,Small Business,110.46,0,0.0149,Low
2024-10-01,SYN-00015,Central,Consumer,100.31,0,0.0149,Low
2024-09-01,SYN-00250,Central,Small Business,145.45,0,0.0149,Low
2024-08-01,SYN-00071,Central,Consumer,74.1,0,0.0149,Low
2024-10-01,SYN-00109,Central,Small Business,135.96,0,0.0149,Low
2024-08-01,SYN-00106,East,Small Business,235.24,0,0.0148,Low
2024-08-01,SYN-00331,West,Consumer,134.19,0,0.0148,Low
2024-10-01,SYN-00057,East,Consumer,116.54,0,0.0148,Low
2024-12-01,SYN-00124,Central,Consumer,100.89,0,0.0148,Low
2024-08-01,SYN-00064,West,Consumer,158.4,0,0.0148,Low
2024-10-01,SYN-00128,Central,Consumer,69.83,0,0.0146,Low
2024-08-01,SYN-00206,Central,Consumer,92.79,0,0.0146,Low
2024-11-01,SYN-00156,East,Consumer,106.29,0,0.0146,Low
2024-07-01,SYN-00275,East,Consumer,81.53,0,0.0146,Low
2024-07-01,SYN-00500,East,Consumer,87.06,0,0.0146,Low
2024-12-01,SYN-00329,East,Small Business,123.68,0,0.0146,Low
2024-11-01,SYN-00446,East,Consumer,72.0,0,0.0146,Low
2024-12-01,SYN-00488,Central,Consumer,60.09,0,0.0146,Low
2024-08-01,SYN-00344,East,Consumer,101.72,0,0.0146,Low
2024-12-01,SYN-00064,West,Consumer,160.34,0,0.0145,Low
2024-12-01,SYN-00283,Central,Consumer,84.03,0,0.0145,Low
2024-11-01,SYN-00215,East,Small Business,182.24,0,0.0145,Low
2024-11-01,SYN-00070,Central,Consumer,95.33,0,0.0145,Low
2024-09-01,SYN-00292,Central,Consumer,85.25,0,0.0145,Low
2024-07-01,SYN-00124,Central,Consumer,99.78,0,0.0144,Low
2024-12-01,SYN-00483,East,Small Business,121.46,0,0.0144,Low
2024-09-01,SYN-00170,West,Consumer,60.36,0,0.0143,Low
2024-11-01,SYN-00078,East,Consumer,51.45,0,0.0143,Low
2024-07-01,SYN-00273,Central,Consumer,113.3,0,0.0142,Low
2024-12-01,SYN-00376,Central,Small Business,116.78,0,0.0142,Low
2024-10-01,SYN-00318,East,Consumer,76.22,0,0.0142,Low
2024-11-01,SYN-00103,Central,Small Business,103.01,0,0.0142,Low
2024-07-01,SYN-00011,Central,Consumer,53.99,0,0.0142,Low
2024-12-01,SYN-00443,West,Consumer,87.91,0,0.0142,Low
2024-07-01,SYN-00360,East,Consumer,90.01,0,0.0141,Low
2024-08-01,SYN-00089,Central,Consumer,116.52,0,0.0141,Low
2024-07-01,SYN-00435,Central,Small Business,123.32,0,0.0141,Low
2024-09-01,SYN-00489,East,Consumer,77.05,0,0.0141,Low
2024-10-01,SYN-00010,East,Consumer,109.52,0,0.0141,Low
2024-08-01,SYN-00194,West,Consumer,92.59,0,0.0141,Low
2024-11-01,SYN-00024,West,Consumer,63.09,0,0.0141,Low
2024-10-01,SYN-00438,East,Consumer,123.19,0,0.0141,Low
2024-11-01,SYN-00106,East,Small Business,230.94,0,0.0141,Low
2024-08-01,SYN-00428,West,Small Business,161.24,0,0.0141,Low
2024-11-01,SYN-00411,East,Small Business,146.35,0,0.014,Low
2024-09-01,SYN-00304,East,Consumer,138.92,0,0.014,Low
2024-09-01,SYN-00347,West,Consumer,58.92,0,0.0139,Low
2024-10-01,SYN-00037,Central,Consumer,114.37,0,0.0138,Low
2024-12-01,SYN-00238,West,Consumer,81.75,0,0.0138,Low
2024-07-01,SYN-00106,East,Small Business,253.76,0,0.0138,Low
2024-07-01,SYN-00086,Central,Consumer,48.2,0,0.0137,Low
2024-09-01,SYN-00071,Central,Consumer,77.95,0,0.0137,Low
2024-12-01,SYN-00269,Central,Consumer,70.6,0,0.0137,Low
2024-09-01,SYN-00389,Central,Consumer,144.62,0,0.0136,Low
2024-11-01,SYN-00232,Central,Consumer,85.38,0,0.0136,Low
2024-12-01,SYN-00235,West,Consumer,66.6,0,0.0136,Low
2024-11-01,SYN-00023,West,Consumer,63.31,0,0.0136,Low
2024-10-01,SYN-00364,Central,Consumer,105.34,0,0.0136,Low
2024-09-01,SYN-00140,Central,Small Business,155.19,0,0.0136,Low
2024-10-01,SYN-00211,East,Commercial,240.75,0,0.0135,Low
2024-08-01,SYN-00477,Central,Consumer,62.3,0,0.0135,Low
2024-11-01,SYN-00155,Central,Small Business,169.79,0,0.0135,Low
2024-09-01,SYN-00466,East,Consumer,64.39,0,0.0135,Low
2024-10-01,SYN-00123,Central,Commercial,285.61,0,0.0134,Low
2024-07-01,SYN-00374,Central,Consumer,87.27,0,0.0133,Low
2024-09-01,SYN-00133,East,Consumer,82.59,0,0.0132,Low
2024-11-01,SYN-00031,West,Small Business,173.57,0,0.0132,Low
2024-09-01,SYN-00280,West,Small Business,78.43,0,0.0131,Low
2024-08-01,SYN-00408,West,Consumer,74.96,0,0.0131,Low
2024-12-01,SYN-00058,East,Consumer,155.71,0,0.013,Low
2024-12-01,SYN-00126,East,Consumer,85.01,0,0.013,Low
2024-09-01,SYN-00335,Central,Small Business,161.41,0,0.0129,Low
2024-08-01,SYN-00318,East,Consumer,86.28,0,0.0128,Low
2024-12-01,SYN-00384,East,Consumer,93.09,0,0.0128,Low
2024-12-01,SYN-00446,East,Consumer,88.4,0,0.0128,Low
2024-11-01,SYN-00013,East,Consumer,104.63,0,0.0127,Low
2024-12-01,SYN-00136,Central,Consumer,80.3,0,0.0127,Low
2024-10-01,SYN-00320,West,Consumer,47.53,0,0.0127,Low
2024-08-01,SYN-00133,East,Consumer,69.0,0,0.0126,Low
2024-11-01,SYN-00280,West,Small Business,63.74,0,0.0126,Low
2024-12-01,SYN-00271,Central,Consumer,113.88,0,0.0125,Low
2024-08-01,SYN-00488,Central,Consumer,66.93,0,0.0125,Low
2024-12-01,SYN-00462,Central,Consumer,60.13,0,0.0125,Low
2024-07-01,SYN-00252,West,Consumer,67.7,0,0.0124,Low
2024-12-01,SYN-00354,East,Small Business,150.37,0,0.0124,Low
2024-10-01,SYN-00470,East,Consumer,119.98,0,0.0124,Low
2024-08-01,SYN-00376,Central,Small Business,122.41,0,0.0123,Low
2024-10-01,SYN-00253,East,Consumer,44.68,0,0.0123,Low
2024-11-01,SYN-00072,Central,Small Business,152.32,0,0.0123,Low
2024-11-01,SYN-00211,East,Commercial,253.24,0,0.0122,Low
2024-08-01,SYN-00430,West,Small Business,192.6,0,0.0122,Low
2024-12-01,SYN-00072,Central,Small Business,149.93,0,0.0122,Low
2024-10-01,SYN-00484,Central,Consumer,179.33,0,0.0122,Low
2024-07-01,SYN-00037,Central,Consumer,115.42,0,0.0121,Low
2024-08-01,SYN-00062,East,Consumer,69.45,0,0.0121,Low
2024-09-01,SYN-00407,Central,Consumer,81.0,0,0.0121,Low
2024-07-01,SYN-00441,West,Consumer,79.03,0,0.012,Low
2024-07-01,SYN-00298,West,Consumer,81.62,0,0.0119,Low
2024-10-01,SYN-00483,East,Small Business,92.79,0,0.0119,Low
2024-10-01,SYN-00190,Central,Consumer,45.93,0,0.0119,Low
2024-11-01,SYN-00275,East,Consumer,84.64,0,0.0119,Low
2024-07-01,SYN-00048,Central,Consumer,71.81,0,0.0119,Low
2024-12-01,SYN-00266,Central,Consumer,146.91,0,0.0118,Low
2024-10-01,SYN-00317,Central,Small Business,157.96,0,0.0118,Low
2024-12-01,SYN-00342,West,Small Business,93.09,0,0.0118,Low
2024-11-01,SYN-00133,East,Consumer,79.51,0,0.0117,Low
2024-09-01,SYN-00129,Central,Consumer,88.06,0,0.0116,Low
2024-07-01,SYN-00052,Central,Consumer,73.23,0,0.0116,Low
2024-12-01,SYN-00314,Central,Consumer,74.22,0,0.0116,Low
2024-07-01,SYN-00177,Central,Small Business,108.52,0,0.0115,Low
2024-10-01,SYN-00327,West,Consumer,56.02,0,0.0115,Low
2024-11-01,SYN-00087,East,Consumer,77.81,0,0.0115,Low
2024-12-01,SYN-00076,Central,Consumer,92.84,0,0.0114,Low
2024-09-01,SYN-00387,East,Consumer,71.29,0,0.0114,Low
2024-12-01,SYN-00424,Central,Consumer,118.34,0,0.0113,Low
2024-11-01,SYN-00235,West,Consumer,60.85,0,0.0113,Low
2024-12-01,SYN-00353,East,Small Business,76.11,0,0.0113,Low
2024-08-01,SYN-00056,West,Consumer,103.37,0,0.0112,Low
2024-08-01,SYN-00180,West,Consumer,93.71,0,0.0112,Low
2024-12-01,SYN-00370,West,Consumer,53.53,0,0.0112,Low
2024-10-01,SYN-00016,Central,Consumer,96.57,0,0.0112,Low
2024-12-01,SYN-00318,East,Consumer,74.55,0,0.0112,Low
2024-12-01,SYN-00297,West,Consumer,81.83,0,0.0112,Low
2024-09-01,SYN-00380,East,Consumer,51.85,0,0.0112,Low
2024-10-01,SYN-00127,Central,Small Business,78.69,0,0.0111,Low
2024-11-01,SYN-00430,West,Small Business,180.81,0,0.0111,Low
2024-11-01,SYN-00380,East,Consumer,60.52,0,0.0111,Low
2024-07-01,SYN-00063,East,Small Business,105.26,0,0.0111,Low
2024-09-01,SYN-00225,Central,Consumer,48.64,0,0.0111,Low
2024-12-01,SYN-00025,West,Consumer,98.44,0,0.0111,Low
2024-11-01,SYN-00330,Central,Consumer,72.99,0,0.0111,Low
2024-11-01,SYN-00085,Central,Small Business,67.58,0,0.0111,Low
2024-10-01,SYN-00440,East,Consumer,57.77,0,0.0111,Low
2024-12-01,SYN-00464,Central,Consumer,87.44,0,0.0111,Low
2024-07-01,SYN-00152,West,Small Business,147.38,0,0.0111,Low
2024-12-01,SYN-00494,Central,Consumer,68.33,0,0.0111,Low
2024-07-01,SYN-00491,East,Consumer,86.4,0,0.011,Low
2024-07-01,SYN-00392,Central,Commercial,455.81,0,0.011,Low
2024-11-01,SYN-00375,Central,Small Business,75.16,0,0.011,Low
2024-09-01,SYN-00024,West,Consumer,95.73,0,0.011,Low
2024-07-01,SYN-00163,Central,Consumer,122.9,0,0.0109,Low
2024-12-01,SYN-00003,West,Commercial,110.72,0,0.0108,Low
2024-11-01,SYN-00089,Central,Consumer,78.36,0,0.0108,Low
2024-12-01,SYN-00029,Central,Small Business,279.0,0,0.0108,Low
2024-10-01,SYN-00177,Central,Small Business,91.72,0,0.0108,Low
2024-10-01,SYN-00018,Central,Small Business,83.63,0,0.0108,Low
2024-12-01,SYN-00454,Central,Consumer,74.19,0,0.0108,Low
2024-12-01,SYN-00363,Central,Small Business,108.99,0,0.0108,Low
2024-11-01,SYN-00197,East,Small Business,119.32,0,0.0108,Low
2024-12-01,SYN-00319,Central,Consumer,126.15,0,0.0108,Low
2024-08-01,SYN-00164,Central,Consumer,71.33,0,0.0108,Low
2024-07-01,SYN-00287,Central,Small Business,118.1,0,0.0108,Low
2024-07-01,SYN-00047,Central,Consumer,114.29,0,0.0108,Low
2024-10-01,SYN-00076,Central,Consumer,98.7,0,0.0108,Low
2024-07-01,SYN-00271,Central,Consumer,91.65,0,0.0107,Low
2024-11-01,SYN-00419,Central,Consumer,64.17,0,0.0107,Low
2024-10-01,SYN-00002,Central,Small Business,80.09,0,0.0107,Low
2024-11-01,SYN-00074,Central,Small Business,126.62,0,0.0106,Low
2024-08-01,SYN-00055,East,Consumer,91.02,0,0.0106,Low
2024-10-01,SYN-00287,Central,Small Business,117.93,0,0.0106,Low
2024-10-01,SYN-00381,East,Consumer,82.29,0,0.0106,Low
2024-12-01,SYN-00108,Central,Consumer,64.27,0,0.0106,Low
2024-12-01,SYN-00421,East,Consumer,94.13,0,0.0106,Low
2024-12-01,SYN-00491,East,Consumer,87.85,0,0.0105,Low
2024-07-01,SYN-00058,East,Consumer,171.15,0,0.0105,Low
2024-10-01,SYN-00013,East,Consumer,96.43,0,0.0105,Low
2024-09-01,SYN-00235,West,Consumer,75.08,0,0.0105,Low
2024-07-01,SYN-00116,West,Small Business,195.6,0,0.0105,Low
2024-09-01,SYN-00193,Central,Consumer,89.17,0,0.0104,Low
2024-12-01,SYN-00312,Central,Consumer,111.62,0,0.0104,Low
2024-09-01,SYN-00477,Central,Consumer,61.83,0,0.0104,Low
2024-09-01,SYN-00067,East,Small Business,217.1,0,0.0104,Low
2024-12-01,SYN-00349,East,Consumer,53.74,0,0.0104,Low
2024-07-01,SYN-00099,Central,Commercial,175.42,0,0.0104,Low
2024-09-01,SYN-00257,West,Consumer,77.39,0,0.0103,Low
2024-11-01,SYN-00071,Central,Consumer,66.35,0,0.0103,Low
2024-07-01,SYN-00251,East,Consumer,107.17,0,0.0103,Low
2024-11-01,SYN-00185,West,Consumer,103.03,0,0.0103,Low
2024-12-01,SYN-00364,Central,Consumer,101.9,0,0.0103,Low
2024-08-01,SYN-00152,West,Small Business,144.67,0,0.0103,Low
2024-10-01,SYN-00087,East,Consumer,83.37,0,0.0102,Low
2024-11-01,SYN-00424,Central,Consumer,100.88,0,0.0102,Low
2024-12-01,SYN-00420,West,Consumer,77.5,0,0.0101,Low
2024-12-01,SYN-00257,West,Consumer,84.45,0,0.0101,Low
2024-11-01,SYN-00128,Central,Consumer,75.29,0,0.0101,Low
2024-11-01,SYN-00271,Central,Consumer,89.69,0,0.0101,Low
2024-08-01,SYN-00420,West,Consumer,62.1,0,0.0101,Low
2024-09-01,SYN-00283,Central,Consumer,99.86,0,0.0101,Low
2024-09-01,SYN-00435,Central,Small Business,119.43,0,0.0101,Low
2024-09-01,SYN-00179,West,Consumer,49.13,0,0.01,Low
2024-09-01,SYN-00394,East,Consumer,91.32,0,0.01,Low
2024-12-01,SYN-00231,Central,Consumer,86.96,0,0.01,Low
2024-08-01,SYN-00191,West,Consumer,62.87,0,0.0099,Low
2024-12-01,SYN-00426,West,Consumer,74.64,0,0.0099,Low
2024-12-01,SYN-00106,East,Small Business,243.1,0,0.0099,Low
2024-09-01,SYN-00336,East,Consumer,77.54,0,0.0099,Low
2024-08-01,SYN-00360,East,Consumer,78.67,0,0.0099,Low
2024-10-01,SYN-00136,Central,Consumer,81.11,0,0.0098,Low
2024-09-01,SYN-00015,Central,Consumer,98.9,0,0.0098,Low
2024-09-01,SYN-00191,West,Consumer,61.42,0,0.0098,Low
2024-09-01,SYN-00425,East,Consumer,89.32,0,0.0096,Low
2024-09-01,SYN-00163,Central,Consumer,100.99,0,0.0096,Low
2024-09-01,SYN-00215,East,Small Business,204.56,0,0.0096,Low
2024-08-01,SYN-00423,Central,Consumer,49.67,0,0.0096,Low
2024-12-01,SYN-00350,Central,Commercial,162.07,0,0.0096,Low
2024-09-01,SYN-00267,Central,Consumer,91.97,0,0.0096,Low
2024-12-01,SYN-00214,West,Small Business,172.83,0,0.0096,Low
2024-10-01,SYN-00346,West,Small Business,124.42,0,0.0096,Low
2024-09-01,SYN-00106,East,Small Business,241.22,0,0.0096,Low
2024-12-01,SYN-00391,East,Consumer,76.44,0,0.0096,Low
2024-11-01,SYN-00294,Central,Consumer,86.49,0,0.0096,Low
2024-12-01,SYN-00249,Central,Small Business,75.08,0,0.0096,Low
2024-12-01,SYN-00468,West,Consumer,47.45,0,0.0096,Low
2024-12-01,SYN-00244,East,Consumer,91.72,0,0.0096,Low
2024-11-01,SYN-00246,West,Consumer,93.5,0,0.0096,Low
2024-10-01,SYN-00394,East,Consumer,74.45,0,0.0096,Low
2024-12-01,SYN-00268,Central,Consumer,90.29,0,0.0096,Low
2024-07-01,SYN-00407,Central,Consumer,98.06,0,0.0095,Low
2024-11-01,SYN-00016,Central,Consumer,82.66,0,0.0095,Low
2024-12-01,SYN-00127,Central,Small Business,81.4,0,0.0095,Low
2024-09-01,SYN-00311,East,Consumer,61.18,0,0.0094,Low
2024-12-01,SYN-00094,Central,Consumer,112.06,0,0.0094,Low
2024-07-01,SYN-00496,East,Consumer,80.52,0,0.0093,Low
2024-10-01,SYN-00042,West,Consumer,86.54,0,0.0093,Low
2024-11-01,SYN-00098,Central,Consumer,114.95,0,0.0092,Low
2024-07-01,SYN-00309,Central,Consumer,76.78,0,0.0092,Low
2024-08-01,SYN-00280,West,Small Business,78.75,0,0.0091,Low
2024-11-01,SYN-00443,West,Consumer,79.41,0,0.0091,Low
2024-12-01,SYN-00262,West,Consumer,67.08,0,0.0091,Low
2024-12-01,SYN-00083,West,Consumer,44.79,0,0.0091,Low
2024-12-01,SYN-00347,West,Consumer,51.72,0,0.0091,Low
2024-08-01,SYN-00426,West,Consumer,75.13,0,0.0091,Low
2024-07-01,SYN-00222,East,Consumer,83.09,0,0.0091,Low
2024-08-01,SYN-00438,East,Consumer,131.53,0,0.009,Low
2024-10-01,SYN-00106,East,Small Business,237.26,0,0.009,Low
2024-12-01,SYN-00044,Central,Commercial,209.27,0,0.009,Low
2024-08-01,SYN-00030,East,Consumer,56.89,0,0.009,Low
2024-12-01,SYN-00161,Central,Consumer,76.08,0,0.009,Low
2024-10-01,SYN-00357,West,Small Business,124.56,0,0.009,Low
2024-11-01,SYN-00057,East,Consumer,121.72,0,0.0089,Low
2024-12-01,SYN-00380,East,Consumer,53.21,0,0.0089,Low
2024-12-01,SYN-00177,Central,Small Business,102.38,0,0.0088,Low
2024-10-01,SYN-00426,West,Consumer,85.2,0,0.0088,Low
2024-07-01,SYN-00161,Central,Consumer,81.06,0,0.0088,Low
2024-12-01,SYN-00077,Central,Small Business,116.2,0,0.0088,Low
2024-08-01,SYN-00111,East,Consumer,76.96,0,0.0088,Low
2024-08-01,SYN-00338,East,Commercial,187.32,0,0.0088,Low
2024-09-01,SYN-00251,East,Consumer,89.91,0,0.0088,Low
2024-07-01,SYN-00352,Central,Consumer,57.84,0,0.0086,Low
2024-07-01,SYN-00193,Central,Consumer,104.44,0,0.0086,Low
2024-08-01,SYN-00016,Central,Consumer,102.64,0,0.0086,Low
2024-07-01,SYN-00472,East,Consumer,76.09,0,0.0085,Low
2024-10-01,SYN-00500,East,Consumer,67.39,0,0.0085,Low
2024-10-01,SYN-00238,West,Consumer,94.68,0,0.0085,Low
2024-07-01,SYN-00347,West,Consumer,71.92,0,0.0085,Low
2024-11-01,SYN-00409,Central,Consumer,90.3,0,0.0085,Low
2024-07-01,SYN-00400,Central,Consumer,59.38,0,0.0082,Low
2024-07-01,SYN-00385,Central,Consumer,136.85,0,0.0082,Low
2024-12-01,SYN-00129,Central,Consumer,100.95,0,0.0081,Low
2024-10-01,SYN-00408,West,Consumer,69.92,0,0.0081,Low
2024-12-01,SYN-00407,Central,Consumer,80.64,0,0.0081,Low
2024-11-01,SYN-00391,East,Consumer,73.27,0,0.0081,Low
2024-08-01,SYN-00411,East,Small Business,135.42,0,0.008,Low
2024-08-01,SYN-00012,West,Small Business,146.01,0,0.0079,Low
2024-10-01,SYN-00226,West,Consumer,118.84,0,0.0079,Low
2024-07-01,SYN-00394,East,Consumer,83.53,0,0.0078,Low
2024-12-01,SYN-00463,West,Consumer,80.02,0,0.0078,Low
2024-08-01,SYN-00418,West,Consumer,48.56,0,0.0075,Low
2024-10-01,SYN-00475,Central,Consumer,64.32,0,0.0075,Low
2024-08-01,SYN-00163,Central,Consumer,98.26,0,0.0075,Low
2024-10-01,SYN-00495,West,Commercial,335.82,0,0.0074,Low
2024-10-01,SYN-00242,West,Consumer,61.94,0,0.0074,Low
2024-10-01,SYN-00200,Central,Consumer,139.4,0,0.0074,Low
2024-09-01,SYN-00216,West,Consumer,96.99,0,0.0067,Low
2024-07-01,SYN-00072,Central,Small Business,152.38,0,0.0067,Low
2024-09-01,SYN-00232,Central,Consumer,81.06,0,0.0067,Low
2024-12-01,SYN-00496,East,Consumer,68.73,0,0.0067,Low
2024-09-01,SYN-00273,Central,Consumer,96.18,0,0.0067,Low
2024-09-01,SYN-00045,West,Consumer,172.86,0,0.0067,Low
2024-10-01,SYN-00138,East,Small Business,132.93,0,0.0065,Low
2024-11-01,SYN-00346,West,Small Business,123.18,0,0.0065,Low
2024-08-01,SYN-00020,East,Small Business,147.07,0,0.0065,Low
2024-07-01,SYN-00038,East,Consumer,143.79,0,0.0064,Low
2024-09-01,SYN-00406,West,Consumer,62.72,0,0.0063,Low
2024-09-01,SYN-00473,Central,Consumer,72.38,0,0.0063,Low
2024-12-01,SYN-00433,East,Consumer,84.76,0,0.0063,Low
2024-08-01,SYN-00040,East,Small Business,142.17,0,0.0063,Low
2024-10-01,SYN-00065,East,Consumer,71.19,0,0.0063,Low
2024-10-01,SYN-00279,West,Small Business,92.68,0,0.0063,Low
2024-08-01,SYN-00059,Central,Consumer,76.52,0,0.0062,Low
2024-07-01,SYN-00475,Central,Consumer,85.84,0,0.0062,Low
2024-07-01,SYN-00042,West,Consumer,62.82,0,0.0062,Low
2024-09-01,SYN-00317,Central,Small Business,156.93,0,0.0062,Low
2024-12-01,SYN-00203,East,Consumer,184.14,0,0.0062,Low
2024-12-01,SYN-00328,East,Consumer,121.39,0,0.0062,Low
2024-12-01,SYN-00089,Central,Consumer,109.29,0,0.0062,Low
2024-11-01,SYN-00381,East,Consumer,82.0,0,0.0061,Low
2024-12-01,SYN-00162,West,Small Business,143.04,0,0.0061,Low
2024-10-01,SYN-00340,West,Consumer,64.85,0,0.0061,Low
2024-11-01,SYN-00063,East,Small Business,107.55,0,0.0061,Low
2024-12-01,SYN-00419,Central,Consumer,79.91,0,0.006,Low
2024-09-01,SYN-00369,Central,Consumer,95.08,0,0.006,Low
2024-10-01,SYN-00060,Central,Consumer,91.9,0,0.006,Low
2024-11-01,SYN-00312,Central,Consumer,90.69,0,0.006,Low
2024-09-01,SYN-00332,Central,Consumer,68.07,0,0.006,Low
2024-09-01,SYN-00244,East,Consumer,80.89,0,0.006,Low
2024-11-01,SYN-00298,West,Consumer,65.64,0,0.006,Low
2024-07-01,SYN-00085,Central,Small Business,82.09,0,0.006,Low
2024-07-01,SYN-00382,West,Consumer,95.3,0,0.006,Low
2024-10-01,SYN-00433,East,Consumer,67.82,0,0.0059,Low
2024-10-01,SYN-00335,Central,Small Business,155.43,0,0.0057,Low
2024-09-01,SYN-00445,Central,Consumer,90.09,0,0.0057,Low
2024-12-01,SYN-00031,West,Small Business,223.6,0,0.0057,Low
2024-07-01,SYN-00460,East,Consumer,74.73,0,0.0057,Low
2024-07-01,SYN-00012,West,Small Business,125.81,0,0.0057,Low
2024-12-01,SYN-00109,Central,Small Business,129.22,0,0.0057,Low
2024-11-01,SYN-00426,West,Consumer,87.59,0,0.0057,Low
2024-09-01,SYN-00038,East,Consumer,155.16,0,0.0057,Low
2024-07-01,SYN-00013,East,Consumer,114.53,0,0.0057,Low
2024-10-01,SYN-00463,West,Consumer,93.2,0,0.0057,Low
2024-10-01,SYN-00311,East,Consumer,68.88,0,0.0057,Low
2024-11-01,SYN-00393,East,Consumer,81.09,0,0.0057,Low
2024-12-01,SYN-00156,East,Consumer,114.13,0,0.0055,Low
2024-07-01,SYN-00135,East,Consumer,119.15,0,0.0055,Low
2024-09-01,SYN-00287,Central,Small Business,99.44,0,0.0055,Low
2024-09-01,SYN-00246,West,Consumer,102.25,0,0.0055,Low
2024-08-01,SYN-00193,Central,Consumer,97.96,0,0.0055,Low
2024-07-01,SYN-00221,Central,Consumer,88.13,0,0.0055,Low
2024-07-01,SYN-00249,Central,Small Business,107.1,0,0.0054,Low
2024-07-01,SYN-00468,West,Consumer,60.17,0,0.0054,Low
2024-09-01,SYN-00175,Central,Consumer,79.75,0,0.0054,Low
2024-11-01,SYN-00369,Central,Consumer,94.39,0,0.0054,Low
2024-12-01,SYN-00002,Central,Small Business,68.24,0,0.0054,Low
2024-07-01,SYN-00351,East,Consumer,60.61,0,0.0052,Low
2024-10-01,SYN-00189,West,Small Business,114.83,0,0.0051,Low
2024-12-01,SYN-00210,East,Consumer,156.49,0,0.0051,Low
2024-07-01,SYN-00156,East,Consumer,142.0,0,0.0051,Low
2024-09-01,SYN-00275,East,Consumer,73.21,0,0.0051,Low
2024-07-01,SYN-00430,West,Small Business,181.53,0,0.0051,Low
2024-11-01,SYN-00317,Central,Small Business,175.95,0,0.0051,Low
2024-11-01,SYN-00017,East,Consumer,52.93,0,0.0051,Low
2024-12-01,SYN-00425,East,Consumer,94.44,0,0.0051,Low
2024-07-01,SYN-00076,Central,Consumer,110.31,0,0.0051,Low
2024-12-01,SYN-00309,Central,Consumer,68.93,0,0.0051,Low
2024-08-01,SYN-00336,East,Consumer,81.85,0,0.0051,Low
2024-12-01,SYN-00090,East,Consumer,87.3,0,0.0051,Low
2024-08-01,SYN-00283,Central,Consumer,92.01,0,0.0051,Low
2024-08-01,SYN-00357,West,Small Business,117.95,0,0.0051,Low
2024-11-01,SYN-00456,Central,Small Business,93.91,0,0.0051,Low
2024-11-01,SYN-00037,Central,Consumer,124.09,0,0.0051,Low
2024-10-01,SYN-00082,Central,Consumer,106.53,0,0.0051,Low
2024-08-01,SYN-00187,Central,Consumer,114.06,0,0.0051,Low
2024-09-01,SYN-00087,East,Consumer,71.91,0,0.0051,Low
2024-11-01,SYN-00454,Central,Consumer,74.72,0,0.0051,Low
2024-11-01,SYN-00269,Central,Consumer,70.01,0,0.0051,Low
2024-08-01,SYN-00462,Central,Consumer,64.0,0,0.0048,Low
2024-07-01,SYN-00198,West,Consumer,242.25,0,0.0048,Low
2024-11-01,SYN-00382,West,Consumer,93.22,0,0.0048,Low
2024-09-01,SYN-00443,West,Consumer,117.27,0,0.0048,Low
2024-07-01,SYN-00381,East,Consumer,90.95,0,0.0045,Low
2024-12-01,SYN-00453,East,Consumer,82.68,0,0.0045,Low
2024-07-01,SYN-00245,East,Consumer,177.43,0,0.0045,Low
2024-08-01,SYN-00271,Central,Consumer,100.09,0,0.0045,Low
2024-09-01,SYN-00410,West,Consumer,128.52,0,0.0045,Low
2024-12-01,SYN-00475,Central,Consumer,72.11,0,0.0045,Low
2024-08-01,SYN-00174,West,Small Business,101.94,0,0.0045,Low
2024-07-01,SYN-00108,Central,Consumer,60.47,0,0.0045,Low
2024-11-01,SYN-00010,East,Consumer,118.03,0,0.0045,Low
2024-07-01,SYN-00297,West,Consumer,91.26,0,0.0045,Low
2024-08-01,SYN-00294,Central,Consumer,79.42,0,0.0045,Low
2024-09-01,SYN-00438,East,Consumer,113.13,0,0.0045,Low
2024-11-01,SYN-00242,West,Consumer,73.38,0,0.0045,Low
2024-08-01,SYN-00232,Central,Consumer,93.73,0,0.0045,Low
2024-11-01,SYN-00025,West,Consumer,97.23,0,0.0045,Low
2024-07-01,SYN-00239,Central,Consumer,77.05,0,0.0045,Low
2024-10-01,SYN-00445,Central,Consumer,108.23,0,0.0045,Low
2024-12-01,SYN-00146,Central,Small Business,123.42,0,0.0045,Low
2024-10-01,SYN-00152,West,Small Business,148.76,0,0.0045,Low
2024-07-01,SYN-00288,Central,Consumer,74.42,0,0.0045,Low
2024-11-01,SYN-00119,Central,Consumer,129.86,0,0.0045,Low
2024-07-01,SYN-00425,East,Consumer,80.92,0,0.0045,Low
2024-11-01,SYN-00079,East,Small Business,86.26,0,0.0045,Low
2024-11-01,SYN-00425,East,Consumer,89.44,0,0.0045,Low
2024-07-01,SYN-00199,Central,Consumer,65.7,0,0.0045,Low
2024-12-01,SYN-00016,Central,Consumer,81.74,0,0.0045,Low
2024-12-01,SYN-00116,West,Small Business,174.66,0,0.0045,Low
2024-11-01,SYN-00189,West,Small Business,113.55,0,0.0045,Low
2024-08-01,SYN-00215,East,Small Business,201.97,0,0.0045,Low
2024-10-01,SYN-00032,West,Small Business,136.78,0,0.0045,Low
2024-12-01,SYN-00194,West,Consumer,95.22,0,0.0045,Low
2024-11-01,SYN-00032,West,Small Business,133.18,0,0.0045,Low
2024-10-01,SYN-00428,West,Small Business,142.55,0,0.0043,Low
2024-11-01,SYN-00124,Central,Consumer,93.48,0,0.0043,Low
2024-11-01,SYN-00064,West,Consumer,156.93,0,0.0041,Low
2024-12-01,SYN-00294,Central,Consumer,83.42,0,0.0041,Low
2024-07-01,SYN-00064,West,Consumer,183.25,0,0.0041,Low
2024-12-01,SYN-00174,West,Small Business,95.39,0,0.0041,Low
2024-07-01,SYN-00302,Central,Consumer,85.68,0,0.0041,Low
2024-08-01,SYN-00276,Central,Small Business,136.13,0,0.0041,Low
2024-08-01,SYN-00239,Central,Consumer,67.45,0,0.0041,Low
2024-11-01,SYN-00350,Central,Commercial,132.88,0,0.0041,Low
2024-08-01,SYN-00017,East,Consumer,56.77,0,0.0041,Low
2024-11-01,SYN-00420,West,Consumer,76.01,0,0.0041,Low
2024-10-01,SYN-00370,West,Consumer,55.24,0,0.0041,Low
2024-11-01,SYN-00398,Central,Consumer,70.2,0,0.0041,Low
2024-09-01,SYN-00454,Central,Consumer,84.33,0,0.0041,Low
2024-12-01,SYN-00359,East,Consumer,104.53,0,0.0041,Low
2024-07-01,SYN-00010,East,Consumer,135.44,0,0.0041,Low
2024-07-01,SYN-00003,West,Commercial,133.33,0,0.0041,Low
2024-10-01,SYN-00059,Central,Consumer,62.93,0,0.0041,Low
2024-07-01,SYN-00279,West,Small Business,97.01,0,0.0041,Low
2024-08-01,SYN-00387,East,Consumer,79.64,0,0.0041,Low
2024-12-01,SYN-00056,West,Consumer,91.51,0,0.0041,Low
2024-11-01,SYN-00146,Central,Small Business,120.79,0,0.0041,Low
2024-09-01,SYN-00178,West,Consumer,150.86,0,0.0041,Low
2024-10-01,SYN-00384,East,Consumer,73.81,0,0.0041,Low
2024-09-01,SYN-00010,East,Consumer,122.05,0,0.0041,Low
2024-10-01,SYN-00391,East,Consumer,64.93,0,0.0037,Low
2024-09-01,SYN-00298,West,Consumer,90.32,0,0.0037,Low
2024-09-01,SYN-00065,East,Consumer,71.16,0,0.0037,Low
2024-10-01,SYN-00244,East,Consumer,101.25,0,0.0037,Low
2024-12-01,SYN-00357,West,Small Business,152.25,0,0.0037,Low
2024-09-01,SYN-00352,Central,Consumer,55.43,0,0.0037,Low
2024-12-01,SYN-00242,West,Consumer,64.12,0,0.0037,Low
2024-07-01,SYN-00205,Central,Consumer,111.07,0,0.0037,Low
2024-10-01,SYN-00436,Central,Consumer,54.63,0,0.0037,Low
2024-11-01,SYN-00060,Central,Consumer,113.0,0,0.0037,Low
2024-07-01,SYN-00100,West,Consumer,72.11,0,0.0037,Low
2024-10-01,SYN-00072,Central,Small Business,137.72,0,0.0034,Low
2024-12-01,SYN-00024,West,Consumer,93.71,0,0.0034,Low
2024-09-01,SYN-00189,West,Small Business,119.17,0,0.0034,Low
2024-12-01,SYN-00226,West,Consumer,139.61,0,0.0034,Low
2024-10-01,SYN-00268,Central,Consumer,81.08,0,0.0031,Low
2024-11-01,SYN-00217,Central,Consumer,65.02,0,0.0031,Low
2024-09-01,SYN-00127,Central,Small Business,68.17,0,0.0031,Low
2024-12-01,SYN-00472,East,Consumer,72.55,0,0.0031,Low
2024-12-01,SYN-00346,West,Small Business,121.83,0,0.0031,Low
2024-07-01,SYN-00202,West,Consumer,67.03,0,0.0029,Low
2024-09-01,SYN-00461,East,Consumer,70.57,0,0.0027,Low
2024-10-01,SYN-00387,East,Consumer,81.36,0,0.0023,Low
2024-08-01,SYN-00469,Central,Consumer,62.47,0,0.001,Low
2024-11-01,SYN-00226,West,Consumer,132.46,0,0.0,Low
2024-08-01,SYN-00217,Central,Consumer,68.23,0,0.0,Low
2024-08-01,SYN-00491,East,Consumer,78.66,0,0.0,Low
2024-07-01,SYN-00016,Central,Consumer,96.55,0,0.0,Low
2024-10-01,SYN-00314,Central,Consumer,78.89,0,0.0,Low
2024-09-01,SYN-00319,Central,Consumer,121.0,0,0.0,Low
2024-09-01,SYN-00314,Central,Consumer,81.56,0,0.0,Low
2024-08-01,SYN-00314,Central,Consumer,80.41,0,0.0,Low
2024-09-01,SYN-00152,West,Small Business,157.86,0,0.0,Low
2024-12-01,SYN-00432,West,Consumer,83.98,0,0.0,Low
2024-11-01,SYN-00229,East,Consumer,54.73,0,0.0,Low
2024-09-01,SYN-00124,Central,Consumer,88.28,0,0.0,Low
2024-12-01,SYN-00435,Central,Small Business,108.47,0,0.0,Low
2024-09-01,SYN-00194,West,Consumer,95.49,0,0.0,Low
2024-07-01,SYN-00146,Central,Small Business,125.59,0,0.0,Low
2024-07-01,SYN-00232,Central,Consumer,93.8,0,0.0,Low
2024-12-01,SYN-00140,Central,Small Business,142.07,0,0.0,Low
2024-07-01,SYN-00269,Central,Consumer,76.86,0,0.0,Low
2024-07-01,SYN-00428,West,Small Business,160.53,0,0.0,Low
2024-09-01,SYN-00346,West,Small Business,114.02,0,0.0,Low
2024-11-01,SYN-00140,Central,Small Business,136.13,0,0.0,Low
2024-11-01,SYN-00438,East,Consumer,137.77,0,0.0,Low
2024-07-01,SYN-00129,Central,Consumer,85.52,0,0.0,Low
2024-12-01,SYN-00135,East,Consumer,113.33,0,0.0,Low
2024-09-01,SYN-00013,East,Consumer,112.55,0,0.0,Low
2024-07-01,SYN-00056,West,Consumer,103.1,0,0.0,Low
2024-11-01,SYN-00129,Central,Consumer,83.12,0,0.0,Low
2024-08-01,SYN-00433,East,Consumer,86.48,0,0.0,Low
2024-09-01,SYN-00439,West,Small Business,160.04,0,0.0,Low
2024-11-01,SYN-00428,West,Small Business,152.04,0,0.0,Low
2024-10-01,SYN-00146,Central,Small Business,115.09,0,0.0,Low
2024-08-01,SYN-00494,Central,Consumer,91.17,0,0.0,Low
2024-12-01,SYN-00232,Central,Consumer,96.25,0,0.0,Low
2024-09-01,SYN-00146,Central,Small Business,119.21,0,0.0,Low
2024-10-01,SYN-00331,West,Consumer,130.97,0,0.0,Low
2024-11-01,SYN-00127,Central,Small Business,89.92,0,0.0,Low
2024-10-01,SYN-00194,West,Consumer,103.31,0,0.0,Low
2024-12-01,SYN-00193,Central,Consumer,88.64,0,0.0,Low
2024-09-01,SYN-00156,East,Consumer,113.96,0,0.0,Low
2024-10-01,SYN-00321,West,Consumer,167.19,0,0.0,Low
2024-08-01,SYN-00328,East,Consumer,113.02,0,0.0,Low
2024-11-01,SYN-00329,East,Small Business,117.44,0,0.0,Low
2024-10-01,SYN-00134,Central,Consumer,57.58,0,0.0,Low
2024-09-01,SYN-00433,East,Consumer,70.53,0,0.0,Low
2024-10-01,SYN-00232,Central,Consumer,94.43,0,0.0,Low
2024-11-01,SYN-00351,East,Consumer,53.39,0,0.0,Low
2024-11-01,SYN-00491,East,Consumer,71.18,0,0.0,Low
2024-11-01,SYN-00239,Central,Consumer,75.2,0,0.0,Low
2024-08-01,SYN-00197,East,Small Business,135.23,0,0.0,Low
2024-09-01,SYN-00098,Central,Consumer,128.25,0,0.0,Low
2024-09-01,SYN-00247,East,Consumer,110.47,0,0.0,Low
2024-09-01,SYN-00391,East,Consumer,76.56,0,0.0,Low
2024-09-01,SYN-00409,Central,Consumer,92.55,0,0.0,Low
2024-08-01,SYN-00189,West,Small Business,128.94,0,0.0,Low
2024-12-01,SYN-00291,West,Consumer,79.86,0,0.0,Low
2024-09-01,SYN-00033,Central,Consumer,59.95,0,0.0,Low
2024-12-01,SYN-00032,West,Small Business,146.58,0,0.0,Low
2024-08-01,SYN-00410,West,Consumer,136.39,0,0.0,Low
2024-10-01,SYN-00246,West,Consumer,102.4,0,0.0,Low
2024-11-01,SYN-00466,East,Consumer,52.62,0,0.0,Low
2024-07-01,SYN-00359,East,Consumer,107.89,0,0.0,Low
2024-07-01,SYN-00178,West,Consumer,153.74,0,0.0,Low
2024-10-01,SYN-00450,East,Consumer,170.53,0,0.0,Low
2024-11-01,SYN-00433,East,Consumer,72.25,0,0.0,Low
2024-08-01,SYN-00032,West,Small Business,135.86,0,0.0,Low
2024-07-01,SYN-00032,West,Small Business,145.37,0,0.0,Low
2024-11-01,SYN-00410,West,Consumer,130.71,0,0.0,Low
2024-11-01,SYN-00384,East,Consumer,88.94,0,0.0,Low
2024-09-01,SYN-00279,West,Small Business,97.9,0,0.0,Low
2024-09-01,SYN-00384,East,Consumer,83.23,0,0.0,Low
2024-12-01,SYN-00408,West,Consumer,73.04,0,0.0,Low
2024-12-01,SYN-00247,East,Consumer,115.87,0,0.0,Low
2024-11-01,SYN-00408,West,Consumer,70.77,0,0.0,Low
2024-12-01,SYN-00461,East,Consumer,84.38,0,0.0,Low
2024-08-01,SYN-00085,Central,Small Business,86.03,0,0.0,Low
2024-12-01,SYN-00456,Central,Small Business,111.36,0,0.0,Low
2024-08-01,SYN-00082,Central,Consumer,112.41,0,0.0,Low
2024-12-01,SYN-00209,Central,Consumer,77.07,0,0.0,Low
2024-12-01,SYN-00399,East,Consumer,75.87,0,0.0,Low
2024-10-01,SYN-00399,East,Consumer,75.85,0,0.0,Low
2024-09-01,SYN-00399,East,Consumer,75.82,0,0.0,Low
2024-08-01,SYN-00399,East,Consumer,73.47,0,0.0,Low
2024-07-01,SYN-00399,East,Consumer,81.87,0,0.0,Low
2024-07-01,SYN-00087,East,Consumer,93.83,0,0.0,Low
2024-12-01,SYN-00280,West,Small Business,77.22,0,0.0,Low
2024-09-01,SYN-00210,East,Consumer,136.6,0,0.0,Low
2024-07-01,SYN-00398,Central,Consumer,87.3,0,0.0,Low
2024-07-01,SYN-00454,Central,Consumer,92.13,0,0.0,Low
2024-12-01,SYN-00037,Central,Consumer,106.57,0,0.0,Low
2024-09-01,SYN-00182,West,Consumer,138.17,0,0.0,Low
2024-07-01,SYN-00206,Central,Consumer,80.61,0,0.0,Low
2024-10-01,SYN-00461,East,Consumer,69.53,0,0.0,Low
2024-07-01,SYN-00408,West,Consumer,94.12,0,0.0,Low
2024-10-01,SYN-00449,Central,Small Business,112.92,0,0.0,Low
2024-07-01,SYN-00294,Central,Consumer,82.26,0,0.0,Low
2024-08-01,SYN-00244,East,Consumer,76.22,0,0.0,Low
2024-10-01,SYN-00239,Central,Consumer,75.66,0,0.0,Low
2024-12-01,SYN-00478,East,Consumer,47.36,0,0.0,Low
2024-09-01,SYN-00239,Central,Consumer,73.95,0,0.0,Low
2024-09-01,SYN-00479,East,Consumer,61.97,0,0.0,Low
2024-07-01,SYN-00445,Central,Consumer,126.37,0,0.0,Low
2024-09-01,SYN-00420,West,Consumer,57.95,0,0.0,Low
2024-08-01,SYN-00051,Central,Consumer,61.53,0,0.0,Low
2024-09-01,SYN-00421,East,Consumer,91.18,0,0.0,Low
2024-10-01,SYN-00421,East,Consumer,94.51,0,0.0,Low
2024-11-01,SYN-00162,West,Small Business,142.41,0,0.0,Low
2024-11-01,SYN-00115,Central,Consumer,63.03,0,0.0,Low
2024-11-01,SYN-00421,East,Consumer,104.83,0,0.0,Low
2024-11-01,SYN-00116,West,Small Business,194.77,0,0.0,Low
2024-07-01,SYN-00216,West,Consumer,114.0,0,0.0,Low
2024-10-01,SYN-00017,East,Consumer,54.32,0,0.0,Low
2024-08-01,SYN-00309,Central,Consumer,80.48,0,0.0,Low
2024-10-01,SYN-00309,Central,Consumer,76.17,0,0.0,Low
2024-08-01,SYN-00216,West,Consumer,116.4,0,0.0,Low
2024-07-01,SYN-00119,Central,Consumer,118.87,0,0.0,Low
2024-12-01,SYN-00191,West,Consumer,50.5,0,0.0,Low
2024-08-01,SYN-00110,West,Consumer,47.12,0,0.0,Low
2024-07-01,SYN-00456,Central,Small Business,117.11,0,0.0,Low
2024-07-01,SYN-00244,East,Consumer,80.55,0,0.0,Low
2024-12-01,SYN-00239,Central,Consumer,73.77,0,0.0,Low
2024-10-01,SYN-00176,Central,Consumer,49.08,0,0.0,Low
2024-11-01,SYN-00073,West,Consumer,56.88,0,0.0,Low
2024-10-01,SYN-00213,Central,Small Business,174.75,0,0.0,Low
2024-12-01,SYN-00381,East,Consumer,93.63,0,0.0,Low
2024-07-01,SYN-00176,Central,Consumer,51.12,0,0.0,Low
2024-09-01,SYN-00190,Central,Consumer,54.04,0,0.0,Low
2024-10-01,SYN-00175,Central,Consumer,79.49,0,0.0,Low
2024-08-01,SYN-00025,West,Consumer,98.22,0,0.0,Low
2024-09-01,SYN-00048,Central,Consumer,72.43,0,0.0,Low
2024-07-01,SYN-00175,Central,Consumer,92.6,0,0.0,Low
2024-10-01,SYN-00048,Central,Consumer,81.6,0,0.0,Low
2024-08-01,SYN-00242,West,Consumer,59.35,0,0.0,Low
2024-12-01,SYN-00048,Central,Consumer,87.76,0,0.0,Low
2024-07-01,SYN-00191,West,Consumer,66.33,0,0.0,Low
2024-12-01,SYN-00200,Central,Consumer,129.06,0,0.0,Low
2024-12-01,SYN-00418,West,Consumer,49.2,0,0.0,Low
2024-11-01,SYN-00109,Central,Small Business,121.1,0,0.0,Low
2024-10-01,SYN-00477,Central,Consumer,68.4,0,0.0,Low
2024-07-01,SYN-00049,East,Small Business,193.6,0,0.0,Low
2024-11-01,SYN-00177,Central,Small Business,104.81,0,0.0,Low
